Tên Sản Phẩm,Doanh Thu,Ngành Hàng,Thương Hiệu,Link Shop,Ngày Bắt Đầu Bán,Tổng Doanh Số,Tổng Số Đã Bán,Sản Phẩm Samsung,Sàn,Năm,Tháng,Quốc Gia
Điện Thoại Apple Iphone 14 Pro Max 128Gb,96547240000,Điện Thoại & Máy Tính Bảng,Apple,https://shopee.vn/shop/88201679,2022-09,309465828000,11067,Don't Use,Shopee,2022,09,Hoa Kỳ
Điện Thoại Apple Iphone 14 Pro Max 256Gb,49251990000,Điện Thoại & Máy Tính Bảng,Apple,https://shopee.vn/shop/88201679,2022-09,183739860000,5946,Don't Use,Shopee,2022,09,Hoa Kỳ
Điện Thoại Xiaomi 13 Ultra - Hàng Nhập Khẩu,19638520000,Điện Thoại & Máy Tính Bảng,Xiaomi,https://shopee.vn/shop/709548398,2023-04,33506060000,1679,Don't Use,Shopee,2023,04,Trung Quốc
Điện Thoại Apple Iphone 14 Pro 128Gb,17965850000,Điện Thoại & Máy Tính Bảng,Apple,https://shopee.vn/shop/88201679,2022-09,91408540000,3572,Don't Use,Shopee,2022,09,Hoa Kỳ
Điện Thoại Xiaomi Mi 13 Ultra Chip Snap 8 Gen 2 - Hàng Nhập Khẩu,15745320000,Điện Thoại & Máy Tính Bảng,Xiaomi,https://shopee.vn/shop/132044837,2023-05,26080680000,1306,Don't Use,Shopee,2023,05,Trung Quốc
Điện Thoại Apple Iphone 14 Pro Max 128Gb - Chính Hãng Vn/A,13020660000,Điện Thoại & Máy Tính Bảng,Apple,https://shopee.vn/shop/487028617,2022-10,69226657000,2451,Don't Use,Shopee,2022,10,Hoa Kỳ
Điện Thoại Samsung Galaxy S23 Ultra Phiên Bản Exclusive,11589400000,Điện Thoại & Máy Tính Bảng,Samsung,https://shopee.vn/shop/13442962,2023-06,22476650000,1037,Samsung Galaxy S23 Ultra,Shopee,2023,06,Hàn Quốc
Điện Thoại Xiaomi Mi 13 Ultra Snapdragon 8 Gen 2 - Hàng Nhập Khẩu,11290590000,Điện Thoại & Máy Tính Bảng,Xiaomi,https://shopee.vn/shop/230383794,2023-04,24248410000,1159,Don't Use,Shopee,2023,04,Trung Quốc
Điện Thoại Xiaomi Mi 12S Ultra Camera Khủng.,10925120000,Điện Thoại & Máy Tính Bảng,Xiaomi,https://shopee.vn/shop/301147335,2023-04,27697520000,1057,Don't Use,Shopee,2023,04,Trung Quốc
Điện Thoại Samsung Galaxy S22 Ultra - Hàng Chính Hãng,10197120000,Điện Thoại & Máy Tính Bảng,Samsung,https://shopee.vn/shop/840757037,2022-10,30803840000,1515,Samsung Galaxy S22 Ultra,Shopee,2022,10,Hàn Quốc
Điện Thoại Xiaomi Mi 13 Ultra Snapdragon 8 Gen 2.,10159650000,Điện Thoại & Máy Tính Bảng,Xiaomi,https://shopee.vn/shop/301147335,2023-05,28075010000,1088,Don't Use,Shopee,2023,05,Trung Quốc
Điện Thoại Samsung Galaxy S23 Ultra Phiên Bản Exclusive - New 100%,8972060000,Điện Thoại & Máy Tính Bảng,Samsung,https://shopee.vn/shop/98593134,2023-06,20141170000,934,Samsung Galaxy S23 Ultra,Shopee,2023,06,Hàn Quốc
Điện Thoại Samsung Galaxy S23 Ultra - Hàng Chính Hãng Mới 100% New Seal,8961082000,Điện Thoại & Máy Tính Bảng,Samsung,https://shopee.vn/shop/48406301,2023-02,33283302000,1495,Samsung Galaxy S23 Ultra,Shopee,2023,02,Hàn Quốc
Điện Thoại Samsung Galaxy S23 Ultra - Hàng Chính Hãng,6884000000,Điện Thoại & Máy Tính Bảng,Samsung,https://shopee.vn/shop/840757037,2023-02,27290609000,1225,Samsung Galaxy S23 Ultra,Shopee,2023,02,Hàn Quốc
Điện Thoại Xiaomi Mi 13 5G Snap 8 Gen 2 - Hàng Nhập Khẩu,6511560000,Điện Thoại & Máy Tính Bảng,Xiaomi,https://shopee.vn/shop/709548398,2022-12,10956679000,771,Don't Use,Shopee,2022,12,Trung Quốc
Điện Thoại Xiaomi Mi 13 Snapdragon 8 Gen 2 - Hàng Nhập Khẩu,6362859000,Điện Thoại & Máy Tính Bảng,Xiaomi,https://shopee.vn/shop/230383794,2022-12,13901044000,967,Don't Use,Shopee,2022,12,Trung Quốc
Điện Thoại Xiaomi Mi 13 5G Snap 8 Gen 2 - Hàng Nhập Khẩu,5905050000,Điện Thoại & Máy Tính Bảng,Xiaomi,https://shopee.vn/shop/132044837,2022-12,8569940000,592,Don't Use,Shopee,2022,12,Trung Quốc
Điện Thoại Samsung Galaxy Z Fold 4 5G ( Fold4 F936B ) - Hàng Chính Hãng Mới 100% Nguyên Seal Bảo Hành 12Th,5780820000,Điện Thoại & Máy Tính Bảng,Samsung,https://shopee.vn/shop/48406301,2022-08,16139910000,579,Samsung Galaxy Z Fold 4,Shopee,2022,08,Hàn Quốc
Điện Thoại Apple Iphone 13 128Gb,5459600000,Điện Thoại & Máy Tính Bảng,Apple,https://shopee.vn/shop/88201679,2021-09,61389180000,3244,Don't Use,Shopee,2021,09,Hoa Kỳ
Điện Thoại Samsung Galaxy M14 5G (4Gb/128Gb),5010490000,Điện Thoại & Máy Tính Bảng,Samsung,https://shopee.vn/shop/65589552,2023-04,17643525000,4223,Samsung Galaxy M14,Shopee,2023,04,Hàn Quốc
Điện Thoại Xiaomi 13 Ultra - Hàng Nhập Khẩu,4665960000,Điện Thoại & Máy Tính Bảng,Xiaomi,https://shopee.vn/shop/340396216,2023-07,7143480000,357,Don't Use,Shopee,2023,07,Trung Quốc
Điện Thoại Samsung Galaxy Z Fold 4 5G - Hàng Chính Hãng - Mới 100% Nguyên Seal,4626220000,Điện Thoại & Máy Tính Bảng,Samsung,https://shopee.vn/shop/423152365,2022-08,10711050000,240,Samsung Galaxy Z Fold 4,Shopee,2022,08,Hàn Quốc
Điện Thoại Samsung Galaxy S23 Ultra 8Gb/256Gb - Độc Quyền Online,4607130600,Điện Thoại & Máy Tính Bảng,Samsung,https://shopee.vn/shop/843663249,2023-01,4958000600,185,Samsung Galaxy S23 Ultra,Shopee,2023,01,Hàn Quốc
Điện Thoại Samsung Galaxy S23 Ultra 12Gb/512Gb - Hàng Chính Hãng Mới 100% New Seal,4253332000,Điện Thoại & Máy Tính Bảng,Samsung,https://shopee.vn/shop/48406301,2023-07,10540802000,406,Samsung Galaxy S23 Ultra,Shopee,2023,07,Hàn Quốc
Điện Thoại Samsung Galaxy Z Flip 5 (8Gb/256Gb Và 8Gb/512Gb ) - Hàng Chính Hãng,3956728000,Điện Thoại & Máy Tính Bảng,Samsung,https://shopee.vn/shop/13442962,2023-07,3956728000,185,Samsung Galaxy Z Flip 5,Shopee,2023,07,Hàn Quốc
Điện Thoại Samsung Galaxy Z Fold 3 5G - Hàng Chính Hãng Ssvn,3620960000,Điện Thoại & Máy Tính Bảng,Samsung,https://shopee.vn/shop/98593134,2022-10,10303290000,321,Samsung Galaxy Z Fold 3,Shopee,2022,10,Hàn Quốc
Điện Thoại Xiaomi 13 Pro Mi 13 Pro Snapdragon 8 Gen 2.,3387960000,Điện Thoại & Máy Tính Bảng,Xiaomi,https://shopee.vn/shop/301147335,2023-04,13074820000,572,Don't Use,Shopee,2023,04,Trung Quốc
"Điện Thoại Xiaomi Redmi Note 12 (4Gb/128Gb) - Hàng Chính Hãng, Mới 100% | Bảo Hành 18 Tháng",3263320000,Điện Thoại & Máy Tính Bảng,Xiaomi,https://www.lazada.vn/happy-phone,2023-04,9458380000,2326,Don't Use,Don't Use,2023,04,Trung Quốc
Điện Thoại Samsung Galaxy S21 Fe 5G - 8Gb/128Gb,2811550000,Điện Thoại & Máy Tính Bảng,Samsung,https://shopee.vn/shop/65589552,2022-01,17467582000,1549,Samsung Galaxy S21+,Shopee,2022,01,Hàn Quốc
Điện Thoại Di Động Xiaomi Redmi 10 5G 4Gb/64Gb - Chính Hãng,2583960000,Điện Thoại & Máy Tính Bảng,Xiaomi,https://shopee.vn/shop/799171984,2023-05,3223200000,1079,Don't Use,Shopee,2023,05,Trung Quốc
Điện Thoại Apple Iphone 14 128Gb,2179730000,Điện Thoại & Máy Tính Bảng,Apple,https://shopee.vn/shop/88201679,2022-09,12731700000,623,Don't Use,Shopee,2022,09,Hoa Kỳ
Điện Thoại Xiaomi Mi 13 Snapdragon 8 Gen 2 - Hàng Nhập Khẩu,1923460000,Điện Thoại & Máy Tính Bảng,Xiaomi,https://shopee.vn/shop/340396216,2023-08,1923460000,154,Don't Use,Shopee,2023,08,Trung Quốc
"Điện Thoại Samsung Galaxy A34 5G - Hàng Chính Hãng, Mới 100%, Bảo Hành 12 Tháng",1905230000,Điện Thoại & Máy Tính Bảng,Samsung,https://shopee.vn/shop/68527388,2023-03,4915679000,759,Samsung Galaxy A34,Shopee,2023,03,Hàn Quốc
Điện Thoại Samsung Galaxy S23 8Gb/256Gb - Độc Quyền Online,1858122800,Điện Thoại & Máy Tính Bảng,Samsung,https://shopee.vn/shop/843663249,2023-01,2029541600,94,Samsung Galaxy S23,Shopee,2023,01,Hàn Quốc
Điện Thoại Xiaomi Redmi Note 12 Ram 4Gb- 8Gb - Chính Hãng,1801060000,Điện Thoại & Máy Tính Bảng,Xiaomi,https://shopee.vn/shop/799171984,2023-04,3500780000,805,Don't Use,Shopee,2023,04,Trung Quốc
Điện Thoại Samsung Galaxy S23 Ultra 12Gb/1Tb - Hàng Chính Hãng Mới 100% New Seal,1798300000,Điện Thoại & Máy Tính Bảng,Samsung,https://shopee.vn/shop/48406301,2023-07,2530060000,83,Samsung Galaxy S23 Ultra,Shopee,2023,07,Hàn Quốc
Điện Thoại Samsung Galaxy Z Flip 5 (8Gb/256Gb) - New Chính Hãng,1476000000,Điện Thoại & Máy Tính Bảng,Samsung,https://shopee.vn/shop/423152365,2023-07,1476000000,72,Samsung Galaxy Z Flip 5,Shopee,2023,07,Hàn Quốc
Điện Thoại Xiaomi Redmi 12C | Mediatek Helio G85| Camera Kép Ai 50Mp| Pin 5000Mah,1422740000,Điện Thoại & Máy Tính Bảng,Xiaomi,https://www.lazada.vn/xiaomi-brand-store,2023-03,21411822000,6905,Don't Use,Don't Use,2023,03,Trung Quốc
Điện Thoại Samsung Galaxy Z Flip 5 - Hàng Chính Hãng Mới Nguyên Seal,1407780000,Điện Thoại & Máy Tính Bảng,Samsung,https://shopee.vn/shop/48406301,2023-08,1407780000,72,Samsung Galaxy Z Flip 5,Shopee,2023,08,Hàn Quốc
"Điện Thoại Samsung Galaxy S23 Ultra - Hàng Chính Hãng, Mới 100%, Nguyên Seal",1371220000,Điện Thoại & Máy Tính Bảng,Samsung,https://shopee.vn/shop/68527388,2023-02,6680249000,292,Samsung Galaxy S23 Ultra,Shopee,2023,02,Hàn Quốc
"Điện Thoại Samsung Galaxy A54 5G - Hàng Chính Hãng, Mới 100%, Nguyên Seal, Bảo Hành 12 Tháng",1303964000,Điện Thoại & Máy Tính Bảng,Samsung,https://shopee.vn/shop/68527388,2023-03,2297672000,283,Samsung Galaxy A54,Shopee,2023,03,Hàn Quốc
Điện Thoại Xiaomi 13 Snapdragon 8 Gen 2 Bảo Hành 12 Tháng,1296466000,Điện Thoại & Máy Tính Bảng,Xiaomi,https://shopee.vn/shop/255459904,2023-03,2381697000,173,Don't Use,Shopee,2023,03,Trung Quốc
Điện Thoại Oppo A54 (4Gb/128Gb) - Hàng Chính Hãng,1229520000,Điện Thoại & Máy Tính Bảng,Oppo,https://shopee.vn/shop/1010119411,2023-06,1373490000,380,Don't Use,Shopee,2023,06,Trung Quốc
"Điện Thoại Xiaomi Redmi Note 12S - Hàng Chính Hãng, Mới 100%, Bảo Hành 18 Tháng",1180866000,Điện Thoại & Máy Tính Bảng,Xiaomi,https://shopee.vn/shop/68527388,2023-05,1878686000,337,Don't Use,Shopee,2023,05,Trung Quốc
Điện Thoại Samsung Galaxy S23 Plus - Hàng Chính Hãng Ssvn,1177750000,Điện Thoại & Máy Tính Bảng,Samsung,https://shopee.vn/shop/13442962,2023-02,5596250000,296,Samsung Galaxy S23,Shopee,2023,02,Hàn Quốc
Điện Thoại Xiaomi 13 Pro Mi 13 Pro - Hàng Nhập Khẩu,1177460000,Điện Thoại & Máy Tính Bảng,Xiaomi,https://shopee.vn/shop/709548398,2022-12,2835810000,163,Don't Use,Shopee,2022,12,Trung Quốc
Điện Thoại Xiaomi Redmi Note 12 4Gb/128Gb - Hàng Chính Hãng,1153222000,Điện Thoại & Máy Tính Bảng,Xiaomi,https://shopee.vn/shop/193124085,2023-04,7663548000,1908,Don't Use,Shopee,2023,04,Trung Quốc
Điện Thoại Xiaomi Redmi K50 Ultra (Extreme Edition) - Hàng Nhập Khẩu,1132900000,Điện Thoại & Máy Tính Bảng,Xiaomi,https://shopee.vn/shop/340396216,2022-10,1132900000,84,Don't Use,Shopee,2022,10,Trung Quốc
Điện Thoại Samsung Galaxy Z Flip 5 - Hàng Chính Hãng Bảo Hành 12T,1096500000,Điện Thoại & Máy Tính Bảng,Samsung,https://shopee.vn/shop/840757037,2023-07,1096500000,51,Samsung Galaxy Z Flip 5,Shopee,2023,07,Hàn Quốc
Điện Thoại Oppo A57 (4Gb/128Gb).,1093450000,Điện Thoại & Máy Tính Bảng,Oppo,https://shopee.vn/shop/25452983,2022-07,1441750000,316,Don't Use,Shopee,2022,07,Trung Quốc
"Điện Thoại Xiaomi 13 Pro Mi 13 Pro Snapdragon 8 Gen 2, Camera Leica - Hàng Nhập Khẩu",1084360000,Điện Thoại & Máy Tính Bảng,Xiaomi,https://shopee.vn/shop/230383794,2022-12,5399444000,318,Don't Use,Shopee,2022,12,Trung Quốc
[Nhập Elssmx10 Giảm 10% Tối Đa 2.5Tr] Điện Thoại Samsung Galaxy A34 5G (8Gb/128Gb),960440000,Điện Thoại & Máy Tính Bảng,Samsung,https://shopee.vn/shop/65589552,2023-03,3938700000,554,Samsung Galaxy A34,Shopee,2023,03,Hàn Quốc
[Chỉ 25.08] [Độc Quyền Lazada] Điện Thoại Samsung Galaxy M14 (4Gb/64Gb),952770000,Điện Thoại & Máy Tính Bảng,Samsung,https://www.lazada.vn/samsung-flagship-store,2023-04,11478610000,3289,Samsung Galaxy M14,Don't Use,2023,04,Hàn Quốc
"Điện Thoại Samsung Galaxy S9 Plus 2Sim Mới Ram 6G/64G Chính Hãng, Màn 6.2Inch, Cân Mọi Game Nặng Đỉnh - Bcc 05",920000000,Điện Thoại & Máy Tính Bảng,Samsung,https://shopee.vn/shop/25143432,2020-12,1976000000,247,Samsung Galaxy S9+,Shopee,2020,12,Hàn Quốc
"Điện Thoại Chính Hãng Giá Siêu Rẻ Samsung Galaxy Note 8 2Sim Mới Chính Hãng Ram 6G/Rom 64G, Cày Game Mượt - Bcc 05",862535000,Điện Thoại & Máy Tính Bảng,Samsung,https://shopee.vn/shop/25143432,2020-12,2513322000,478,Samsung Galaxy Note 8,Shopee,2020,12,Hàn Quốc
Điện Thoại Oppo A54 4Gb/128Gb - Hàng Chính Hãng,859050000,Điện Thoại & Máy Tính Bảng,Oppo,https://www.lazada.vn/oppo-brand-store,2023-03,11823150000,3427,Don't Use,Don't Use,2023,03,Trung Quốc
"Điện Thoại Samsung Galaxy A14 - Hàng Chính Hãng, Mới 100%, Bảo Hành 12 Tháng",833620000,Điện Thoại & Máy Tính Bảng,Samsung,https://shopee.vn/shop/68527388,2023-03,1537928000,434,Samsung Galaxy A14,Shopee,2023,03,Hàn Quốc
Điện Thoại Samsung Galaxy S23 5G - Hàng Chính Hãng,804650000,Điện Thoại & Máy Tính Bảng,Samsung,https://shopee.vn/shop/134790807,2023-02,804650000,35,Samsung Galaxy S23,Shopee,2023,02,Hàn Quốc
Điện Thoại Samsung Galaxy Z Fold 4 5G - Hàng Chính Hãng - Mới 100% Nguyên Seal,786740000,Điện Thoại & Máy Tính Bảng,Samsung,https://shopee.vn/shop/13442962,2022-08,4149800000,93,Samsung Galaxy Z Fold 4,Shopee,2022,08,Hàn Quốc
Điện Thoại Xiaomi Redmi Note 12 Pro 5G Ram 8/256 Chính Hãng,776376000,Điện Thoại & Máy Tính Bảng,Xiaomi,https://shopee.vn/shop/255459904,2023-07,1403916000,170,Don't Use,Shopee,2023,07,Trung Quốc
Điện Thoại Xiaomi Redmi Note 12 Turbo | Snapdragon 7+ Gen 2 | 6.67 Inches 68 Tỷ Màu |,766060000,Điện Thoại & Máy Tính Bảng,Xiaomi,https://shopee.vn/shop/224532337,2023-05,2329080000,350,Don't Use,Shopee,2023,05,Trung Quốc
[Mã Cbel99 Giảm 10% Đơn 500K] Điện Thoại Xiaomi Redmi 9A 2Gb/32Gb - Màn Hình 6.53  Hd+ Camera 13Mp Pin 5000 Mah,752810000,Điện Thoại & Máy Tính Bảng,Xiaomi,https://shopee.vn/shop/799912301,2022-07,2823501000,1482,Don't Use,Shopee,2022,07,Trung Quốc
"Điện Thoại Samsung Galaxy A34 5G ( 8Gb - 128Gb ) - Hàng Chính Hãng, Mới 100%, Bảo Hành 12 Tháng",729101000,Điện Thoại & Máy Tính Bảng,Samsung,https://www.lazada.vn/happy-phone,2023-03,2395243000,358,Samsung Galaxy A34,Don't Use,2023,03,Hàn Quốc
Điện Thoại Apple Iphone 14 Plus 128Gb - Chính Hãng Vn/A,725308000,Điện Thoại & Máy Tính Bảng,Apple,https://shopee.vn/shop/487028617,2022-10,1662588000,71,Don't Use,Shopee,2022,10,Hoa Kỳ
Điện Thoại Apple Iphone 14 Pro 128Gb - Chính Hãng Vn,724080000,Điện Thoại & Máy Tính Bảng,Apple,https://shopee.vn/shop/487028617,2022-10,3851695000,149,Don't Use,Shopee,2022,10,Hoa Kỳ
"Điện Thoại Samsung Galaxy S8 2Sim Ram 4G/64G Mới, Chính Hãng, Chơi Pubg/Free Fire Mượt - Ggs 04",720000000,Điện Thoại & Máy Tính Bảng,Samsung,https://shopee.vn/shop/108110554,2020-04,2939625300,518,Samsung Galaxy S8+,Shopee,2020,04,Hàn Quốc
Điện Thoại Di Động Samsung Galaxy S20 Fe 256Gb - Chính Hãng,696510000,Điện Thoại & Máy Tính Bảng,Samsung,https://shopee.vn/shop/799171984,2023-05,4550940000,625,Samsung Galaxy S20+,Shopee,2023,05,Hàn Quốc
Điện Thoại Samsung Galaxy S23 Ultra 5G - Hàng Chính Hãng,692590000,Điện Thoại & Máy Tính Bảng,Samsung,https://shopee.vn/shop/134790807,2023-02,2046120000,65,Samsung Galaxy S23 Ultra,Shopee,2023,02,Hàn Quốc
Điện Thoại Apple Iphone 13 128Gb,687750000,Điện Thoại & Máy Tính Bảng,Apple,https://shopee.vn/shop/487028617,2021-10,6843220000,366,Don't Use,Shopee,2021,10,Hoa Kỳ
"Điện Thoại Xiaomi Redmi Note 12 - Hàng Chính Hãng, Mới 100%, Bảo Hành 18 Tháng",683420000,Điện Thoại & Máy Tính Bảng,Xiaomi,https://shopee.vn/shop/68527388,2023-04,3801432000,938,Don't Use,Shopee,2023,04,Trung Quốc
Điện Thoại Xiaomi Mi 11 Pro Ram 8Gb/128 Hàng Nhập Khẩu,647440000,Điện Thoại & Máy Tính Bảng,Xiaomi,https://shopee.vn/shop/340396216,2022-07,814640000,78,Don't Use,Shopee,2022,07,Trung Quốc
Điện Thoại Samsung Galaxy S23 Plus ( S23+ ) - Hàng Chính Hãng Mới 100% New Seal,646410000,Điện Thoại & Máy Tính Bảng,Samsung,https://shopee.vn/shop/48406301,2023-02,2739939000,148,Samsung Galaxy S23,Shopee,2023,02,Hàn Quốc
Điện Thoại Samsung Galaxy S23 - Hàng Chính Hãng Mới 100% New Seal,638072000,Điện Thoại & Máy Tính Bảng,Samsung,https://shopee.vn/shop/48406301,2023-02,3293438000,214,Samsung Galaxy S23,Shopee,2023,02,Hàn Quốc
Điện Thoại Samsung Galaxy S23 Ultra 8Gb/256Gb - 8Gb/512Gb _ Hàng Chính Hãng,637710000,Điện Thoại & Máy Tính Bảng,Samsung,https://shopee.vn/shop/146432575,2023-07,923580000,42,Samsung Galaxy S23 Ultra,Shopee,2023,07,Hàn Quốc
Điện Thoại Xiaomi Redmi Note 12 Amoled 6.67  Fhd+| Snapdragon® 685| 5000Mah,635950000,Điện Thoại & Máy Tính Bảng,Xiaomi,https://www.lazada.vn/hsresell,2023-04,663600000,168,Don't Use,Don't Use,2023,04,Trung Quốc
Điện Thoại Xiaomi Redmi Note 12 Turbo (Bảo Hành Vàng Mobilecity 12 Tháng) - Chip Snapdragon 7+ Gen 2,592150000,Điện Thoại & Máy Tính Bảng,Xiaomi,https://shopee.vn/shop/194749440,2023-05,640450000,93,Don't Use,Shopee,2023,05,Trung Quốc
Điện Thoại Xiaomi Redmi K60 Snapdragon 8+ Gen 1 Nguyên Seal Bảo Hành 12 Tháng Mifones,591153000,Điện Thoại & Máy Tính Bảng,Xiaomi,https://shopee.vn/shop/255459904,2022-12,1927294000,218,Don't Use,Shopee,2022,12,Trung Quốc
Điện Thoại Samsung Galaxy S23 Plus - Hàng Chính Hãng,566810000,Điện Thoại & Máy Tính Bảng,Samsung,https://shopee.vn/shop/134790807,2023-02,593800000,23,Samsung Galaxy S23,Shopee,2023,02,Hàn Quốc
"Điện Thoại Samsung Galaxy S7 Edge Máy Chính Hãng Ram 4G/32G, Màn Hình 5.5Inch, Camera Siêu Nét - Ggs 05",559380000,Điện Thoại & Máy Tính Bảng,Samsung,https://shopee.vn/shop/108110554,2018-12,2857689060,598,Samsung Galaxy S7 Edge,Shopee,2018,12,Hàn Quốc
Điện Thoại Apple Iphone 14 Plus 128Gb,554760000,Điện Thoại & Máy Tính Bảng,Apple,https://shopee.vn/shop/88201679,2022-09,5553880000,232,Don't Use,Shopee,2022,09,Hoa Kỳ
"Điện Thoại Chính Hãng Samsung Galaxy S8 64G Ram 4G, Màn 5.8Inch, Cày Game Chất - Ggs 04",554400000,Điện Thoại & Máy Tính Bảng,Samsung,https://shopee.vn/shop/108110554,2020-01,1957234240,559,Samsung Galaxy S8+,Shopee,2020,01,Hàn Quốc
Điện Thoại Realme Gt Neo 5 5G Rom Quốc Tế Snapdragon 8+ Gen 1- Hàng Nhập Khẩu,537500000,Điện Thoại & Máy Tính Bảng,Realme,https://shopee.vn/shop/709548398,2023-03,2418440000,243,Don't Use,Shopee,2023,03,Trung Quốc
"[Chính Hãng] Điện Thoại Samsung Galaxy S8 Plus Ram 4G/64G Mới, Cấu Hình Cao, Cày Game Chất - Ggs 01",504900000,Điện Thoại & Máy Tính Bảng,Samsung,https://shopee.vn/shop/108110554,2020-01,2173869060,488,Samsung Galaxy S8+,Shopee,2020,01,Hàn Quốc
Điện Thoại Samsung Galaxy S23 Ultra 5G 8Gb/128Gb Đen,500000000,Điện Thoại & Máy Tính Bảng,Samsung,https://shopee.vn/shop/822077204,2023-05,1773000000,71,Samsung Galaxy S23 Ultra,Shopee,2023,05,Hàn Quốc
"Điện Thoại Samsung Galaxy S23 - Hàng Chính Hãng, Mới 100%, Nguyên Seal",498460000,Điện Thoại & Máy Tính Bảng,Samsung,https://shopee.vn/shop/68527388,2023-02,1621350000,102,Samsung Galaxy S23,Shopee,2023,02,Hàn Quốc
Điện Thoại Samsung Galaxy S20 Fe (8Gb/256Gb) - Hàng Chính Hãng - Đã Kích Hoạt Bảo Hành Điện Tử,498210000,Điện Thoại & Máy Tính Bảng,Samsung,https://tiki.vn/cua-hang/tiki-trading,2022-04,4602705000,529,Samsung Galaxy S20+,Don't Use,2022,04,Hàn Quốc
Điện Thoại Xiaomi Redmi Note 12 Turbo Snapdragon 7+ Gen 2  Mifones,492188000,Điện Thoại & Máy Tính Bảng,Xiaomi,https://shopee.vn/shop/255459904,2023-04,2719619000,395,Don't Use,Shopee,2023,04,Trung Quốc
Điện Thoại Samsung Galaxy S20 Fe (8Gb/256Gb) - Hàng Chính Hãng,468460000,Điện Thoại & Máy Tính Bảng,Samsung,https://shopee.vn/shop/645499489,2022-01,9227600000,1058,Samsung Galaxy S20+,Shopee,2022,01,Hàn Quốc
"Điện Thoại Samsung Galaxy A34 5G (8Gb/128Gb) - Hàng Chính Hãng - Màn Hình Sống Động, Sắc Nét, Camera Đỉnh Cao",461199000,Điện Thoại & Máy Tính Bảng,Samsung,https://shopee.vn/shop/40757878,2023-03,724941000,111,Samsung Galaxy A34,Shopee,2023,03,Hàn Quốc
"Điện Thoại Samsung Galaxy S8 Plus Ram 4G/64G Mới Zin Chính Hãng, Chơi Pubg/Free Fire Mượt - Ggs 04",460000000,Điện Thoại & Máy Tính Bảng,Samsung,https://shopee.vn/shop/108110554,2020-09,2767717530,565,Samsung Galaxy S8+,Shopee,2020,09,Hàn Quốc
"Điện Thoại Samsung Galaxy S8 Plus Ram 4G/64G Chính Hãng Mới,, Pin 3500Mah, Màn Hình 6.2Inch - Ggs 03",453097000,Điện Thoại & Máy Tính Bảng,Samsung,https://shopee.vn/shop/108110554,2020-04,2812260650,653,Samsung Galaxy S8+,Shopee,2020,04,Hàn Quốc
"Điện Thoại Vertu V5 Pro , Thiết Kế Sang Trọng Và Đẳng Cấp , Cầm Chắc Tay , Thân Vỏ Kim Loại Kèm Da Bò Thật , Bảo Hành 2 Năm",451090000,Điện Thoại & Máy Tính Bảng,Vertu,https://www.lazada.vn/mc-luxury-phone,2023-08,451090000,571,Don't Use,Don't Use,2023,08,Anh Quốc
Điện Thoại Gaming Asus Rog Phone 7 (16Gb/512Gb) - Chính Hãng,445230000,Điện Thoại & Máy Tính Bảng,Asus,https://shopee.vn/shop/370383109,2023-07,628560000,24,Don't Use,Shopee,2023,07,Đài Loan
Điện Thoại Redmi K60 E K60E 12/256Gb,440930000,Điện Thoại & Máy Tính Bảng,Redmi,https://shopee.vn/shop/168855912,2023-07,487288000,73,Don't Use,Shopee,2023,07,Trung Quốc
"Điện Thoại Xiaomi Redmi Note 8 Pro 2Sim Ram 8G/128G, Máy Chính Hãng, Màn Hình 6.53Inch, Bảo Hành 12 Tháng - Bcc 05",439310000,Điện Thoại & Máy Tính Bảng,Xiaomi,https://shopee.vn/shop/25143432,2022-02,882296000,374,Don't Use,Shopee,2022,02,Trung Quốc
"Điện Thoại Lg V60 Thinq 5G Ram 8G /28G Máy Chính Hãng, Camera Sau: Chính 64 Mp & Phụ 13 Mp, Tof 3D, Cày Game Chất Ggs 04",438634000,Điện Thoại & Máy Tính Bảng,Lg,https://shopee.vn/shop/108110554,2022-07,1376876180,418,Don't Use,Shopee,2022,07,Hàn Quốc
"Điện Thoại Samsung Galaxy S8 Ram 4G Bộ Nhớ 64G 2Sim Mới Chính Hãng, Màn 5.8Inch, Camera Siêu Nét - Ggs 05",438000000,Điện Thoại & Máy Tính Bảng,Samsung,https://shopee.vn/shop/108110554,2020-04,3251927770,564,Samsung Galaxy S8+,Shopee,2020,04,Hàn Quốc
"Điện Thoại Xiaomi 11 Lite 5G -Xiaomi-Mi11 Lite 5G Ne 2Sim Chính Hãng Ram 8G/128G, Cân Mọi Game Siêu Mượt - Bcc 05",437562000,Điện Thoại & Máy Tính Bảng,Xiaomi,https://shopee.vn/shop/25143432,2022-08,533466000,178,Don't Use,Shopee,2022,08,Trung Quốc
Điện Thoại Xiaomi 12T | Màn Hình Oled Full Hd 6.67 ,430300000,Điện Thoại & Máy Tính Bảng,Xiaomi,https://shopee.vn/shop/13442962,2022-12,958533000,91,Don't Use,Shopee,2022,12,Trung Quốc
"Điện Thoại Vertu Porsche Caymans V8 Một Chiếc Điện Thoại Độc Sở Hữu Thiết Kế Đẹp Mắt Và Sang Trọng , Thiết Kế Nhỏ Gọn, Trọng Lượng Nhẹ , Bảo Hành 24 Tháng",421969000,Điện Thoại & Máy Tính Bảng,Vertu,https://www.lazada.vn/mc-luxury-phone,2023-08,421969000,571,Don't Use,Don't Use,2023,08,Anh Quốc
Điện Thoại Samsung Galaxy S23 Ultra Exclusixe,417810000,Điện Thoại & Máy Tính Bảng,Samsung,https://shopee.vn/shop/36280069,2023-03,1253430000,57,Samsung Galaxy S23 Ultra,Shopee,2023,03,Hàn Quốc
"Điện Thoại Oppo K1 2Sim Ram 8G/512G Mới Chính Hãng, Vân Tay Trong Màn Hình, Chiến Game Nặng Siêu Mạnh - Bnn 01",416599000,Điện Thoại & Máy Tính Bảng,Oppo,https://shopee.vn/shop/11171175,2020-09,3179778000,853,Don't Use,Shopee,2020,09,Trung Quốc
Điện Thoại Realme Gt Neo 5 Snapdragon 8+ Gen 1 Mifones,408934000,Điện Thoại & Máy Tính Bảng,Realme,https://shopee.vn/shop/255459904,2023-02,1224150000,130,Don't Use,Shopee,2023,02,Trung Quốc
"Điện Thoại Samsung Galaxy S8 Plus 64G Mới Chính Hãng, Màn 6.2Inch, Cày Game Nặng Chất - Ggs 05",400000000,Điện Thoại & Máy Tính Bảng,Samsung,https://shopee.vn/shop/108110554,2020-09,1921329300,395,Samsung Galaxy S8+,Shopee,2020,09,Hàn Quốc
Điện Thoại Di Động Xiaomi Redmi 10 5G 4Gb/64Gb - Chính Hãng,393450000,Điện Thoại & Máy Tính Bảng,Xiaomi,https://www.lazada.vn/hoang-ha-mobile,2023-05,872300000,286,Don't Use,Don't Use,2023,05,Trung Quốc
"Điện Thoại Samsung Galaxy Note 10 Plus 5G 12G/256G 2Sim Máy Chính Hãng, Chiến Mọi Game Nặng - Tnn 02",391000000,Điện Thoại & Máy Tính Bảng,Samsung,https://shopee.vn/shop/309929726,2023-03,2006000000,236,Samsung Galaxy Note 10,Shopee,2023,03,Hàn Quốc
"Điện Thoại Samsung Galaxy Note 8 2Sim Chính Hãng Mới, Màn: 6.3 , Quad Hd+ (2K+), Cày Game Siêu Mượt - Bnn 03",390998000,Điện Thoại & Máy Tính Bảng,Samsung,https://shopee.vn/shop/11171175,2020-08,8119013000,1772,Samsung Galaxy Note 8,Shopee,2020,08,Hàn Quốc
Điện Thoại Xiaomi Redmi Note 12 Pro (Dimensity 1080) [Bh 3 Tháng 1 Đổi 1],388650000,Điện Thoại & Máy Tính Bảng,Xiaomi,https://shopee.vn/shop/224532337,2023-05,455600000,90,Don't Use,Shopee,2023,05,Trung Quốc
"Điện Thoại Samsung Galaxy S7 Edge Ram 4G Rom 32G Chính Hãng, Màn 5.5Inch, Chơi Game Nặng Mượt - Ggs 04",383500000,Điện Thoại & Máy Tính Bảng,Samsung,https://shopee.vn/shop/108110554,2019-01,1675917060,550,Samsung Galaxy S7 Edge,Shopee,2019,01,Hàn Quốc
"Điện Thoại Samsung Galaxy S20 Ultra 5G Ram 12G Rom 256G Chính Hãng, 4 Camera, Màn: 6.9 Inches, Cày Game Chất - Ggs 03",382330000,Điện Thoại & Máy Tính Bảng,Samsung,https://shopee.vn/shop/108110554,2022-08,1003065000,223,Samsung Galaxy S20 Ultra,Shopee,2022,08,Hàn Quốc
Điện Thoại Xiaomi Redmi 9A (2Gb/32Gb) - Hàng Chính Hãng,381860000,Điện Thoại & Máy Tính Bảng,Xiaomi,https://tiki.vn/cua-hang/tiki-trading,2020-07,10727099700,5490,Don't Use,Don't Use,2020,07,Trung Quốc
Điện Thoại Xiaomi Redmi K50 Ultra Cấu Hình Khủng Qualcomm Snapdragon 8+ Gen 1 Mifones,379285000,Điện Thoại & Máy Tính Bảng,Xiaomi,https://shopee.vn/shop/255459904,2022-08,4561866000,485,Don't Use,Shopee,2022,08,Trung Quốc
[Giá Chỉ 2390K] Điện Thoại Infinix Hot 30I 4Gb/128Gb - Hàng Chính Hãng,373860000,Điện Thoại & Máy Tính Bảng,Infinix,https://www.lazada.vn/infinix-authorised-store,2023-06,705870000,253,Don't Use,Don't Use,2023,06,Trung Quốc
Điện Thoại Xiaomi Redmi K60 5G (Snapdragon 8+ Gen 1 - Màn 2K) - [Bh 3 Tháng 1 Đổi 1] - Điện Thoại Giá Rẻ Hà Nội,372000000,Điện Thoại & Máy Tính Bảng,Xiaomi,https://shopee.vn/shop/224532337,2023-05,1170250000,151,Don't Use,Shopee,2023,05,Trung Quốc
"[Rẻ Hủy Diệt] Điện Thoại Chính Hãng Samsung Galaxy S8 Plus 4Gb/64G Mới, Màn Hình 6.2Inch, Camera Siêu Nét - Ggs 05",371790000,Điện Thoại & Máy Tính Bảng,Samsung,https://shopee.vn/shop/108110554,2020-01,1821469000,407,Samsung Galaxy S8+,Shopee,2020,01,Hàn Quốc
Điện Thoại Samsung Galaxy Z Flip 5 (8Gb/256Gb) - Hàng New Chính Hãng,369000000,Điện Thoại & Máy Tính Bảng,Samsung,https://shopee.vn/shop/98593134,2023-07,840500000,41,Samsung Galaxy Z Flip 5,Shopee,2023,07,Hàn Quốc
Điện Thoại Samsung Galaxy S23+ 8Gb/256Gb - Độc Quyền Online,368833600,Điện Thoại & Máy Tính Bảng,Samsung,https://shopee.vn/shop/843663249,2023-01,483781600,21,Samsung Galaxy S23,Shopee,2023,01,Hàn Quốc
Điện Thoại Realme 11 Pro Plus Rom Quốc Tế - Hàng Nhập Khẩu,368350000,Điện Thoại & Máy Tính Bảng,Realme,https://shopee.vn/shop/709548398,2023-07,368350000,53,Don't Use,Shopee,2023,07,Trung Quốc
"Điện Thoại Chính Hãng Samsung Galaxy S8 2Sim 64G Mới Zin 99%, Chiến Mọi Game Nặng Siêu Đỉnh - Ggs 01",368000000,Điện Thoại & Máy Tính Bảng,Samsung,https://shopee.vn/shop/108110554,2020-04,2687398000,443,Samsung Galaxy S8+,Shopee,2020,04,Hàn Quốc
Điện Thoại Xiaomi 13 Pro Mi 13 Pro - Hàng Nhập Khẩu,367080000,Điện Thoại & Máy Tính Bảng,Xiaomi,https://shopee.vn/shop/132044837,2022-12,1422962000,82,Don't Use,Shopee,2022,12,Trung Quốc
"Điện Thoại Samsung Galaxy S8 2Sim Ram 4G/64G Mới Keng 99%, Camera Siêu Đẹp, Chơi Game Mượt - Ggs 02",363909000,Điện Thoại & Máy Tính Bảng,Samsung,https://shopee.vn/shop/108110554,2020-01,2587372090,670,Samsung Galaxy S8+,Shopee,2020,01,Hàn Quốc
"[ Rẻ Hủy Diệt ] Điện Thoại Xiaomi Redmi Note 7 Pro 2Sim Ram 6G/128G Chính Hãng, Camera Sau: 48 Mp & 5 Mp - Bcc 05",360809000,Điện Thoại & Máy Tính Bảng,Xiaomi,https://shopee.vn/shop/25143432,2022-02,679584000,296,Don't Use,Shopee,2022,02,Trung Quốc
Điện Thoại Xiaomi Redmi 12C 3+32Gb/4+64Gb Media Tek Helio G85 Camera Kép Ai 50Mp Pin 5000Mah,355644000,Điện Thoại & Máy Tính Bảng,Xiaomi,https://shopee.vn/shop/799912301,2023-03,2358313000,1026,Don't Use,Shopee,2023,03,Trung Quốc
"Điện Thoại Xiaomi Redmi Note 11 5G Ram 6G/128G Mới Chính Hãng, Sẵn Tiếng Việt, Cày Game Siêu Mượt - Bcc 05",353485000,Điện Thoại & Máy Tính Bảng,Xiaomi,https://shopee.vn/shop/25143432,2022-02,585913000,187,Don't Use,Shopee,2022,02,Trung Quốc
"Điện Thoại Samsung Galaxy S20 Ultra 5G Ram 12G/256G Chính Hãng, Camera Zoom 100X, Cày Game Đỉnh - Bảo Hành 12 Tháng",351371552,Điện Thoại & Máy Tính Bảng,Samsung,https://www.lazada.vn/tay-nguyen-store-47,2023-03,812255248,109,Samsung Galaxy S20 Ultra,Don't Use,2023,03,Hàn Quốc
Điện Thoại Realme 10 Pro Plus Rom Quốc Tế - Hàng Nhập Khẩu,346807000,Điện Thoại & Máy Tính Bảng,Realme,https://shopee.vn/shop/709548398,2022-12,1486108000,261,Don't Use,Shopee,2022,12,Trung Quốc
"[ Rẻ Vô Địch ] Điện Thoại Chính Hãng Oppo F5 Mới (6Gb/128Gb)/ Camera Trước 20Mp, Cày Game Siêu Mượt - Ggs 05",338685000,Điện Thoại & Máy Tính Bảng,Oppo,https://shopee.vn/shop/108110554,2019-02,1615308740,774,Don't Use,Shopee,2019,02,Trung Quốc
"Điện Thoại Giá Rẻ Lg V50 Thinq 5G Ram 6G/128G Mới, Chơi Game Liên Quân/Pubg Mượt, Bảo Hành 12 Tháng - Bnn 02",335616000,Điện Thoại & Máy Tính Bảng,Lg,https://shopee.vn/shop/11171175,2020-08,12767547000,2417,Don't Use,Shopee,2020,08,Hàn Quốc
Điện Thoại Realme Gt Neo 5Se 8/256Gb,329996304,Điện Thoại & Máy Tính Bảng,Realme,https://shopee.vn/shop/168855912,2023-06,529994064,53,Don't Use,Shopee,2023,06,Trung Quốc
"Điện Thoại Samsung Galaxy S23 Ultra - Hàng Chính Hãng, Mới 100%, Nguyên Seal",324800000,Điện Thoại & Máy Tính Bảng,Samsung,https://www.lazada.vn/happy-phone,2023-02,5408690000,233,Samsung Galaxy S23 Ultra,Don't Use,2023,02,Hàn Quốc
"Điện Thoại Lg Velvet 5G Ram 8G Rom 128G, Màn Hình: P-Oled6.8 Full Hd+, Camera Sau: 48 Mp & 8 Mp, 5 Mp - Bnn 02",324576000,Điện Thoại & Máy Tính Bảng,Lg,https://shopee.vn/shop/11171175,2022-04,1572055000,542,Don't Use,Shopee,2022,04,Hàn Quốc
"Điện Thoại Samsung Galaxy S20 Hỗ Trợ 5G Chính Hãng Ram 12G Rom 128G, Cấu Hình Khủng, Chiến Liên Quân Siêu Mượt - Ggs 04",324258000,Điện Thoại & Máy Tính Bảng,Samsung,https://shopee.vn/shop/108110554,2022-08,1228747000,392,Samsung Galaxy S20+,Shopee,2022,08,Hàn Quốc
"Điện Thoại Samsung Galaxy S9 Plus 2Sim Ram 6G/64G, Máy Chính Hãng, Màn Hình 6.2Inch, Cày Game Nặng Mượt - Ggs 01",323919000,Điện Thoại & Máy Tính Bảng,Samsung,https://shopee.vn/shop/108110554,2020-04,3729433030,590,Samsung Galaxy S9+,Shopee,2020,04,Hàn Quốc
Điện Thoại Samsung Galaxy S23 Ultra 12Gb/512Gb_ Trôi Bảo Hành,322680000,Điện Thoại & Máy Tính Bảng,Samsung,https://shopee.vn/shop/294125474,2023-07,860480000,32,Samsung Galaxy S23 Ultra,Shopee,2023,07,Hàn Quốc
[ Mã Elrm2 Giảm 200K  ] Điện Thoại Realme C55 (6Gb/128Gb) (8Gb/256Gb) - Hàng Chính Hãng Miễn Phí Vận Chuyển,322092000,Điện Thoại & Máy Tính Bảng,Realme,https://shopee.vn/shop/800687343,2023-03,1164986000,282,Don't Use,Shopee,2023,03,Trung Quốc
"Điện Thoại Oppo F9 Pro 2Sim Ram 8G/512G Chính Hãng, Camera Siêu Nét, Chiến Game Nặng Mượt - Ggs 02",321165000,Điện Thoại & Máy Tính Bảng,Oppo,https://shopee.vn/shop/108110554,2020-09,4682022090,1565,Don't Use,Shopee,2020,09,Trung Quốc
"Điện Thoại Xiaomi Redmi 9A 2Sim Ram 2G Bộ Nhớ 32G, Màn Hình:Ips Lcd, 6.53 , Hd+, Máy Chính Hãng  - Bcc 05",320628000,Điện Thoại & Máy Tính Bảng,Xiaomi,https://shopee.vn/shop/25143432,2022-03,585912000,414,Don't Use,Shopee,2022,03,Trung Quốc
"Điện Thoại Xiaomi Redmi Note 8 Chính Hãng 2Sim Ram 4G/64G, Màn 6.3Inch, Cày Pubg/Liên Quân Chất Đỉnh - Bcc 05",319464000,Điện Thoại & Máy Tính Bảng,Xiaomi,https://shopee.vn/shop/25143432,2022-02,659220000,280,Don't Use,Shopee,2022,02,Trung Quốc
"Điện Thoại Realme 6S 2Sim Chính Hãng Ram 8/256G, Cấu Hình Cpu Siêu Cao Cấp, Đánh Mọi Game Nặng Chất - Bcc 06",316687250,Điện Thoại & Máy Tính Bảng,Realme,https://shopee.vn/shop/25143432,2022-11,564289550,258,Don't Use,Shopee,2022,11,Trung Quốc
"Điện Thoại Sony Xperia 5  (Sony X5) Ram 6/64G, Màn Hình 6.1Inch, 3 Camera 12Mp Siêu Nét, Cày Game Siêu Mượt - Bnn 04",316174000,Điện Thoại & Máy Tính Bảng,Sony,https://shopee.vn/shop/11171175,2022-04,700704000,250,Don't Use,Shopee,2022,04,Nhật Bản
"Điện Thoại Xiaomi Redmi Note 12 Pro - Hàng Chính Hãng, Mới 100%, Bảo Hành 18 Tháng",315027000,Điện Thoại & Máy Tính Bảng,Xiaomi,https://shopee.vn/shop/68527388,2023-05,1531432000,228,Don't Use,Shopee,2023,05,Trung Quốc
"Điện Thoại Google Pixel 5 Chính Hãng, Nguyên Bản 100% Còn Đẹp Như Mới",311490000,Điện Thoại & Máy Tính Bảng,Google,https://shopee.vn/shop/8940655,2021-08,744220000,133,Don't Use,Shopee,2021,08,Hoa Kỳ
"[ Rẻ Vô Địch] Điện Thoại Samsung Galaxy Note 8 2Sim Ram 6/64G Mới Chính Hãng, Cấu Hình Cao - Bnn 01",310979000,Điện Thoại & Máy Tính Bảng,Samsung,https://shopee.vn/shop/11171175,2020-08,5711539000,1343,Samsung Galaxy Note 8,Shopee,2020,08,Hàn Quốc
[ Sale Siêu Sốc ] Điện Thoại Oppo A9 2020 2Sim Ram 8G Bộ Nhớ 512G Mới Chính Hãng. Chiến Pubg/Liên Quân Đỉnh - Bnn 02,309999000,Điện Thoại & Máy Tính Bảng,Oppo,https://shopee.vn/shop/11171175,2021-11,1207525000,473,Don't Use,Shopee,2021,11,Trung Quốc
"Điện Thoại Siêu Rẻ Lg G8 Thinq Ram 8G/256G Mới, Chipset: Snapdragon 855, Chiến Pubg/Free/Liên Quân Mượt - Bnn 03",309496000,Điện Thoại & Máy Tính Bảng,Lg,https://shopee.vn/shop/11171175,2020-08,14842634000,3273,Don't Use,Shopee,2020,08,Hàn Quốc
"Điện Thoại Google Pixel 6 - Google 6 Quốc Tế 5G 2Sim Ram 8G/128G Máy Chính Hãng, Bảo Hành 12 Tháng - Bcc 06",307719000,Điện Thoại & Máy Tính Bảng,Google,https://shopee.vn/shop/25143432,2023-03,1371439000,361,Don't Use,Shopee,2023,03,Hoa Kỳ
Điện Thoại Xiaomi Mi 13 5G Snap 8 Gen 2.,306480000,Điện Thoại & Máy Tính Bảng,Xiaomi,https://shopee.vn/shop/301147335,2023-04,6126330000,330,Don't Use,Shopee,2023,04,Trung Quốc
"Điện Thoại Oppo A5 2Sim Ram 6G/128G Mới Chính Hãng, Chiến Game Pubg/Free Fire Mướt - Ggs 01",306346000,Điện Thoại & Máy Tính Bảng,Oppo,https://shopee.vn/shop/108110554,2020-09,1673802090,815,Don't Use,Shopee,2020,09,Trung Quốc
"Điện Thoại Samsung Galaxy S9 Plus Ram 6G/64G Mới, Máy Chính Hãng, Cày Free/Pubg/Liên Quân Chất - Ggs 02",302184000,Điện Thoại & Máy Tính Bảng,Samsung,https://shopee.vn/shop/108110554,2020-04,2651815530,846,Samsung Galaxy S9+,Shopee,2020,04,Hàn Quốc
Rẻ Như Rẻ Điện Thoại Hỗ Trợ 5G Lg V50 Thinq Ram 6G/128G Zin Mới Chính Hãng - Cpu Snap 855 8 Nhân - Bnn 06,297321000,Điện Thoại & Máy Tính Bảng,Lg,https://shopee.vn/shop/11171175,2021-03,11834046000,2078,Don't Use,Shopee,2021,03,Hàn Quốc
Điện Thoại Redmi Note 12 Turbo 8/256Gb,295849996,Điện Thoại & Máy Tính Bảng,Redmi,https://shopee.vn/shop/168855912,2023-06,345049996,55,Don't Use,Shopee,2023,06,Trung Quốc
Điện Thoại Realme Gt Neo 5 Se Neo5 Se 8/256Gb Snap 7+ Gen 2 Mạnh Mẽ,289996752,Điện Thoại & Máy Tính Bảng,Realme,https://shopee.vn/shop/110564302,2023-06,719991936,72,Don't Use,Shopee,2023,06,Trung Quốc
"Điện Thoại Samsung Galaxy S23 Ultra 5G | Hàng Chính Hãng, Nguyên Seal",289900000,Điện Thoại & Máy Tính Bảng,Samsung,https://shopee.vn/shop/449911630,2023-03,1513550000,55,Samsung Galaxy S23 Ultra,Shopee,2023,03,Hàn Quốc
Điện Thoại Samsung Galaxy J2 Prime Máy Đẹp Đủ Màu Dành Cho Học Sinh Sinh Viên - Bcc 05,288575000,Điện Thoại & Máy Tính Bảng,Samsung,https://shopee.vn/shop/25143432,2020-12,905770000,712,Samsung Galaxy J2,Shopee,2020,12,Hàn Quốc
"Điện Thoại Samsung Galaxy A7 2018 A750 2Sim 4/64G, Máy Chính Hãng, Cày Pubg/Free Tiktok Zalo Fb Youtube - Bcc 06",287945000,Điện Thoại & Máy Tính Bảng,Samsung,https://shopee.vn/shop/25143432,2022-02,684482000,517,Samsung Galaxy A7,Shopee,2022,02,Hàn Quốc
"Điện Thoại Oppo A9 2020 2Sim Ram 8G Rom 512G Mới, Màn Hình: Tft Lcd, 6.5 , Hd+, Camera Siêu Nét - Bnn 03",286438000,Điện Thoại & Máy Tính Bảng,Oppo,https://shopee.vn/shop/11171175,2021-11,1170675000,452,Don't Use,Shopee,2021,11,Trung Quốc
Điện Thoại Samsung Galaxy A34 5G (8Gb/128Gb) - Hàng Chính Hãng,285536000,Điện Thoại & Máy Tính Bảng,Samsung,https://shopee.vn/shop/331695868,2023-03,507572000,78,Samsung Galaxy A34,Shopee,2023,03,Hàn Quốc
"Điện Thoại Samsung Galaxy S20 5G Chính Hãng Ram 12G Rom 128G, Màn 6.2Inch, Cày Game Siêu Mượt - Ggs 03",283419000,Điện Thoại & Máy Tính Bảng,Samsung,https://shopee.vn/shop/108110554,2022-08,653067000,186,Samsung Galaxy S20+,Shopee,2022,08,Hàn Quốc
"Điện Thoại Sony Xperia 1 (Sony X1) Ram 6G Bộ Nhớ 64G, Màn Hình: P-Oled6.5 Ultra Hd (4K), Chiến Game Nặng Chất - Bnn 04",283395000,Điện Thoại & Máy Tính Bảng,Sony,https://shopee.vn/shop/11171175,2022-04,1459610000,540,Don't Use,Shopee,2022,04,Nhật Bản
"Điện Thoại Oppo A9 2020 2Sim Ram 8G/512G Mới Chính Hãng, Chiến Pubg/Liên Quân Mượt - Bnn 04",281207000,Điện Thoại & Máy Tính Bảng,Oppo,https://shopee.vn/shop/11171175,2021-11,1199621000,474,Don't Use,Shopee,2021,11,Trung Quốc
Điện Thoại Samsung Galaxy Note 10 5G Ram 12G/256G Chính Hãng - Bảo Hành 12 Tháng,280449000,Điện Thoại & Máy Tính Bảng,Samsung,https://www.lazada.vn/tay-nguyen-store-47,2023-03,582894000,106,Samsung Galaxy Note 10,Don't Use,2023,03,Hàn Quốc
[Giao Hàng Ngay] Điện Thoại Xiaomi Poco X3 Pro - M4 Pro Chính Hãng,277920000,Điện Thoại & Máy Tính Bảng,Xiaomi,https://shopee.vn/shop/110564302,2021-03,677980000,113,Don't Use,Shopee,2021,03,Trung Quốc
"Rẻ Như Rẻ Điện Thoại Sony Xperia 5 Ram 6G Rom 128G Chính Hãng, Chip: Snapdragon 855, Màn Hình 6.1Inch - Bnn 06",276903000,Điện Thoại & Máy Tính Bảng,Sony,https://shopee.vn/shop/11171175,2022-04,613149000,218,Don't Use,Shopee,2022,04,Nhật Bản
Điện Thoại Apple Iphone 14 Pro Max 256Gb - Chính Hãng Vn/A,276314000,Điện Thoại & Máy Tính Bảng,Apple,https://shopee.vn/shop/487028617,2022-10,17022740000,551,Don't Use,Shopee,2022,10,Hoa Kỳ
"[ Rẻ Hủy Diệt ] Điện Thoại Xiaomi Redmi Note 11T 5G Chính Hãng 2Sim Ram 6/128G, Cày Game Nặng Cực Chất Bcc 05",275880000,Điện Thoại & Máy Tính Bảng,Xiaomi,https://shopee.vn/shop/25143432,2022-02,605722000,262,Don't Use,Shopee,2022,02,Trung Quốc
"Điện Thoại Samsung Galaxy S10 5G Ram 8G/256G Chính Hãng, Cày Game Nặng Siêu Mượt - Bảo Hành 12 Tháng",275547000,Điện Thoại & Máy Tính Bảng,Samsung,https://www.lazada.vn/tay-nguyen-store-47,2023-03,540696000,104,Samsung Galaxy S10+,Don't Use,2023,03,Hàn Quốc
"Điện Thoại Vsmart Active 1 Chính Hãng Ram 4G/64G, Camera Sau: Chính 12 Mp & Phụ 5 Mp, Chiến Game Mượt - Bcc 06",275273000,Điện Thoại & Máy Tính Bảng,Vsmart,https://shopee.vn/shop/25143432,2022-10,399274000,326,Don't Use,Shopee,2022,10,Việt Nam
"Điện Thoại Vivo Y33S 2Sim Chính Hãng Ram 8G/256G, Màn 6.58'', Cấu Hình Cao Cày Game Nặng Mượt, Bảo Hành 12T - Bcc 05",275120000,Điện Thoại & Máy Tính Bảng,Vivo,https://shopee.vn/shop/25143432,2022-08,421368000,291,Don't Use,Shopee,2022,08,Trung Quốc
Điện Thoại Xiaomi 13 (Bh 12 Tháng Cả Nguồn Và Màn Hình) - Mobilecity,274850000,Điện Thoại & Máy Tính Bảng,Xiaomi,https://shopee.vn/shop/194749440,2023-08,298750000,25,Don't Use,Shopee,2023,08,Trung Quốc
"Điện Thoại Oppo F5 2Sim 6G-128G Mới Chính Hãng, Cài Full Zalo Fb Youtube Tiktok , Chiến Game Nặng Mượt - Ggs 03",274560000,Điện Thoại & Máy Tính Bảng,Oppo,https://shopee.vn/shop/108110554,2018-11,1514956090,775,Don't Use,Shopee,2018,11,Trung Quốc
Điện Thoại Xiaomi Redmi Note 12T Pro 5G (Bh Lỗi 1 Đổi 1) - Dimensity 8200 Ultra,272100000,Điện Thoại & Máy Tính Bảng,Xiaomi,https://shopee.vn/shop/224532337,2023-08,276950000,57,Don't Use,Shopee,2023,08,Trung Quốc
Điện Thoại Realme Gt Neo 3 Ram 8G/128G Dimensity 8100 -Nhập Khẩu,270320000,Điện Thoại & Máy Tính Bảng,Realme,https://shopee.vn/shop/709548398,2022-06,1128400000,150,Don't Use,Shopee,2022,06,Trung Quốc
"Điện Thoại Samsung Galaxy Note 10 Plus 5G Ram 12G/256G Máy Chính Hãng, Cày Game Nặng Siêu Chất - Bảo Hành 12 Tháng",269451000,Điện Thoại & Máy Tính Bảng,Samsung,https://www.lazada.vn/tay-nguyen-store-47,2023-03,555399000,101,Samsung Galaxy Note 10,Don't Use,2023,03,Hàn Quốc
"[Rẻ Như Rẻ ] Điện Thoại Sony Xperia Xz3 Ram 4G/64G Chính Hãng, Chiến Pubg/Liên Quân  Đỉnh - Bnn 06",268584000,Điện Thoại & Máy Tính Bảng,Sony,https://shopee.vn/shop/11171175,2021-04,11353072000,3225,Don't Use,Shopee,2021,04,Nhật Bản
"Điện Thoại Oppo F11 Chính Hãng 2Sim Ram 8G/256G, Màn Hình Giọt Nước 6.5Inch, Camera 48Mp Siêu Nét - Ggs 05",265544000,Điện Thoại & Máy Tính Bảng,Oppo,https://shopee.vn/shop/108110554,2021-12,1061799530,573,Don't Use,Shopee,2021,12,Trung Quốc
"Điện Thoại Oppo F5 Ram 6G/128G 2Sim Chính Hãng, Màn Hình 6Inch, Chiến Game Nặng Mượt - Ggs 01",264620000,Điện Thoại & Máy Tính Bảng,Oppo,https://shopee.vn/shop/108110554,2019-01,1319349150,640,Don't Use,Shopee,2019,01,Trung Quốc
Điện Thoại Oppo Find N2 Flip (8/256) - Hàng Chính Hãng,264000000,Điện Thoại & Máy Tính Bảng,Oppo,https://shopee.vn/shop/423152365,2023-06,334400000,19,Don't Use,Shopee,2023,06,Trung Quốc
"Điện Thoại Google Pixel 2 Ram 4G/128G Mới Chính Hãng, Chiến Pubg/Liên Quân Ngon - Bnn 04",263630000,Điện Thoại & Máy Tính Bảng,Google,https://shopee.vn/shop/11171175,2020-09,8446865000,2570,Don't Use,Shopee,2020,09,Hoa Kỳ
"Điện Thoại Samsung Galaxy Note 9 2Sim Ram 6G Rom 128G Chính Hãng, Chip: Exynos 9810, Cày Pubg/Liên Quân Chất - Bnn 03",263520000,Điện Thoại & Máy Tính Bảng,Samsung,https://shopee.vn/shop/11171175,2022-04,674680000,300,Samsung Galaxy Note 9,Shopee,2022,04,Hàn Quốc
"Điện Thoại Oppo F5 2Sim Ram 6G/128G Mới Chính Hãng, Chơi Game Mượt, Bảo Hành 12 Tháng - Ggs 04",261869000,Điện Thoại & Máy Tính Bảng,Oppo,https://shopee.vn/shop/108110554,2020-09,1364876300,786,Don't Use,Shopee,2020,09,Trung Quốc
Điện Thoại Xiaomi Redmi K60E 5G (Dimensity 8200 - Pin 5500Mah) - [Bh 3 Tháng 1 Đổi 1],261550000,Điện Thoại & Máy Tính Bảng,Xiaomi,https://shopee.vn/shop/224532337,2023-05,755600000,121,Don't Use,Shopee,2023,05,Trung Quốc
"Điện Thoại Samsung Galaxy A51 2Sim Ram 6/128G Máy Chính Hãng, Cấu Hình Cpu Siêu Cao Cấp, Đánh Mọi Game Nặng Chất Bcc 06",260381000,Điện Thoại & Máy Tính Bảng,Samsung,https://shopee.vn/shop/25143432,2022-11,787295000,657,Samsung Galaxy A51,Shopee,2022,11,Hàn Quốc
"Điện Thoại Samsung Galaxy Note 8 2Sim Ram 6G Bộ Nhớ 64G Mới Chính Hãng, Bảo Hành 12 Tháng - Ggs 01",256980000,Điện Thoại & Máy Tính Bảng,Samsung,https://shopee.vn/shop/108110554,2020-09,2865828000,459,Samsung Galaxy Note 8,Shopee,2020,09,Hàn Quốc
"Điện Thoại Samsung Galaxy A14 Lte (4Gb/128Gb) - Hàng Chính Hãng - Bộ 3 Camera Sắc Nét, Đa Nhiệm Mượt Mà",255973000,Điện Thoại & Máy Tính Bảng,Samsung,https://shopee.vn/shop/40757878,2023-03,1235289000,372,Samsung Galaxy A14,Shopee,2023,03,Hàn Quốc
"Điện Thoại Oppo A5 2Sim Ram 6G/126G Mới Chính Hãng,Màn:  Ips Lcd, 6.2 , Hd+, Chiến Game Pubg/Free Fire Mướt - Bnn 03",255517000,Điện Thoại & Máy Tính Bảng,Oppo,https://shopee.vn/shop/11171175,2020-09,8640309000,3153,Don't Use,Shopee,2020,09,Trung Quốc
"Điện Thoại Samsung Galaxy Note 10 5G Ram 12G/256G Chính Hãng, Màn Hình: 6.3 Inchs, Dynamic Amoled, Hd+ 2K - Bảo Hành 12 Tháng",253753000,Điện Thoại & Máy Tính Bảng,Samsung,https://www.lazada.vn/tay-nguyen-store-47,2023-03,577248662,107,Samsung Galaxy Note 10,Don't Use,2023,03,Hàn Quốc
Điện Thoại Samsung Galaxy S23 (8Gb/256Gb) - Nguyên Seal Bảo Hành Chính Hãng,252000000,Điện Thoại & Máy Tính Bảng,Samsung,https://shopee.vn/shop/126195693,2023-02,1864000000,89,Samsung Galaxy S23,Shopee,2023,02,Hàn Quốc
"Điện Thoại Lg V60 Thinq 5G Ram 8G Bộ Nhớ 128G Chính Hãng, Màn Hình 6.8Inch, Đánh Liên Quân Siêu Mượt - Ggs 03",251093000,Điện Thoại & Máy Tính Bảng,Lg,https://shopee.vn/shop/108110554,2022-07,448409000,191,Don't Use,Shopee,2022,07,Hàn Quốc
Điện Thoại Samsung Galaxy S23 Ultra 5G 256Gb | 512Gb | 1Tb,248990000,Điện Thoại & Máy Tính Bảng,Samsung,https://shopee.vn/shop/897072353,2023-02,1106710000,49,Samsung Galaxy S23 Ultra,Shopee,2023,02,Hàn Quốc
Điện Thoại Chính Hãng Oppo A9 2020 2Sim Ram 8G Bộ Nhớ 256G Mới Chính Hãng - Chiến Pubg- Liên Quân Đỉnh - Bnn 01,246715000,Điện Thoại & Máy Tính Bảng,Oppo,https://shopee.vn/shop/11171175,2021-11,1180950000,459,Don't Use,Shopee,2021,11,Trung Quốc
"Điện Thoại Samsung Galaxy S20 5G Ram 12G/128G Chính Hãng, Chiến Game Nặng Siêu Mượt - Bảo Hành 12 Tháng",244752000,Điện Thoại & Máy Tính Bảng,Samsung,https://www.lazada.vn/tay-nguyen-store-47,2023-03,540494000,106,Samsung Galaxy S20+,Don't Use,2023,03,Hàn Quốc
"Điện Thoại Vivo Y33S 2Sim Ram 8/256G Chính Hãng, Màn Hình: Ips Lcd6.58 Full Hd+, Cày Game Đỉnh Cao - Bcc 06",244265000,Điện Thoại & Máy Tính Bảng,Vivo,https://shopee.vn/shop/25143432,2022-11,683833000,691,Don't Use,Shopee,2022,11,Trung Quốc
Điện Thoại Samsung Galaxy S23 Ultra 8Gb 12Gb + 256Gb 512Gb 1Tb,244160000,Điện Thoại & Máy Tính Bảng,Samsung,https://www.lazada.vn/samsung-flagship-store,2023-01,11344850000,369,Samsung Galaxy S23 Ultra,Don't Use,2023,01,Hàn Quốc
"Điện Thoại Samsung Galaxy A40 2Sim Bộ Nhớ 64G Ram 4G, Máy Chính Hãng, Camera Siêu Nét, Cân Game Nặng Mượt - Ggs 01",243626000,Điện Thoại & Máy Tính Bảng,Samsung,https://shopee.vn/shop/108110554,2022-02,907628030,675,Samsung Galaxy A40,Shopee,2022,02,Hàn Quốc
"[ Rẻ Hủy Diệt ] Điện Thoại Oppo A31 2020 2Sim Ram 8G Rom 256G Mới Chính Hãng, Chiến Liên Quân/Pubg Quá Đỉnh - Ggs 01",241968000,Điện Thoại & Máy Tính Bảng,Oppo,https://shopee.vn/shop/108110554,2022-01,920766380,549,Don't Use,Shopee,2022,01,Trung Quốc
"Điện Thoại Samsung Galaxy S7 Edge Ram 4G/32G  Mới Chính Hãng, Chiến Game Siêu Chất - Ggs 05",241900000,Điện Thoại & Máy Tính Bảng,Samsung,https://shopee.vn/shop/108110554,2018-12,1650506060,531,Samsung Galaxy S7 Edge,Shopee,2018,12,Hàn Quốc
[ Rẻ Hủy Diệt ] Điện Thoại Google Pixel 3 2Sim (4Gb/128Gb) Mới Zin Chính Hãng - Bảo Hành 12 Tháng - Bnn 04,241780000,Điện Thoại & Máy Tính Bảng,Google,https://shopee.vn/shop/11171175,2021-04,1073307000,464,Don't Use,Shopee,2021,04,Hoa Kỳ
"Điện Thoại Giá Siêu Rẻ Chính Hãng Samsung Galaxy Note 10 5G Ram 12G/256G, Camera Sau: Chính 12Mp & Phụ 12Mp, 16Mp, Màn Hình: 6.3 Inchs, Dynamic Amoled, Hd+ 2K - Bảo Hành 12 Tháng",239952000,Điện Thoại & Máy Tính Bảng,Samsung,https://www.lazada.vn/tay-nguyen-store-47,2023-03,514897000,103,Samsung Galaxy Note 10,Don't Use,2023,03,Hàn Quốc
Điện Thoại Samsung Galazy Z Flip5 512G,238680000,Điện Thoại & Máy Tính Bảng,Samsung,https://shopee.vn/shop/126652885,2023-08,318240000,16,Samsung Galazy Z Flip5,Shopee,2023,08,Hàn Quốc
"Điện Thoại Samsung Galaxy S10 Plus Bộ Nhớ 128G Ram 8G,Camera Sau: Chính 12 Mp & Phụ 12 Mp, 16 Mp, Cày Game Chất - Tnn 02",236430000,Điện Thoại & Máy Tính Bảng,Samsung,https://shopee.vn/shop/309929726,2022-05,1471120000,280,Samsung Galaxy S10+,Shopee,2022,05,Hàn Quốc
"Điện Thoại Samsung Galaxy A23 - Hàng Chính Hãng, Mới 100%, Bảo Hành 12 Tháng",235920000,Điện Thoại & Máy Tính Bảng,Samsung,https://shopee.vn/shop/68527388,2022-04,3400526000,763,Samsung Galaxy A23,Shopee,2022,04,Hàn Quốc
Kudixiong Điện Thoại Kiểu Châu Âu Cổ Điển Kiểu Cổ Điển Cố Định,234255000,Điện Thoại & Máy Tính Bảng,Kudixiong,https://www.lazada.vn/kudixiong,2022-01,602261760,414,Don't Use,Don't Use,2022,01,Trung Quốc
"Điện Thoại Oppo Reno2 Z Chính Hãng 2Sim Ram 8G/256G, Màn 6.5'', Camera Thụt Thò Siêu Độc, Cày Game Nặng Mượt - Ggs 04",233899000,Điện Thoại & Máy Tính Bảng,Oppo,https://shopee.vn/shop/108110554,2022-08,912459000,591,Don't Use,Shopee,2022,08,Trung Quốc
"Điện Thoại Samsung Galaxy A7 2018 - A750 Ram 4G/64G Mới Chính Hãng, Chơi Game Mượt, Màn Hình 6Inch - Ggs 03",232190000,Điện Thoại & Máy Tính Bảng,Samsung,https://shopee.vn/shop/108110554,2020-02,909681120,607,Samsung Galaxy A7,Shopee,2020,02,Hàn Quốc
"Điện Thoại Samsung Galaxy Note 10 5G Ram 12G/256G Chính Hãng, Camera Sau: Chính 12Mp & Phụ 12Mp, 16Mp, Màn Hình: 6.3 Inchs, Dynamic Amoled, Hd+ 2K - Bảo Hành 12 Tháng",232157000,Điện Thoại & Máy Tính Bảng,Samsung,https://www.lazada.vn/tay-nguyen-store-47,2023-03,496708000,92,Samsung Galaxy Note 10,Don't Use,2023,03,Hàn Quốc
"Điện Thoại Samsung Galaxy A51 2Sim Ram 6G Rom 128G, Màn Hình 6.5'', Chiến Game Nặng Siêu Chất - Ggs 03",229858000,Điện Thoại & Máy Tính Bảng,Samsung,https://shopee.vn/shop/108110554,2022-08,821591000,576,Samsung Galaxy A51,Shopee,2022,08,Hàn Quốc
"Xiaomi Redmi Note 11T Pro (6/128Gb, 8/128Gb) - [Điện Thoại Giá Rẻ Hà Nội - Bh 1 Đổi 1]",229100000,Điện Thoại & Máy Tính Bảng,Xiaomi,https://shopee.vn/shop/224532337,2022-06,1199900000,236,Don't Use,Shopee,2022,06,Trung Quốc
"Điện Thoại Di Động Vertu V8 Pro , Đẳng Cấp Doanh Nhân , Tặng Kèm Bao Da Thời Trang , Bảo Hành 2 Năm",229090000,Điện Thoại & Máy Tính Bảng,Vertu,https://www.lazada.vn/mc-luxury-phone,2023-08,229090000,310,Don't Use,Don't Use,2023,08,Anh Quốc
"Điện Thoại Samsung Galaxy J7 Pro Chính Hãng 2Sim Ram 3G Bộ Nhớ 32G Zin Mới, Bảo Hành 12 Tháng - Bcc 06",228940500,Điện Thoại & Máy Tính Bảng,Samsung,https://shopee.vn/shop/25143432,2022-02,810610000,852,Samsung Galaxy J7 Pro,Shopee,2022,02,Hàn Quốc
Điện Thoại Samsung Galaxy S22+ 5G Bản 256Gb,228800000,Điện Thoại & Máy Tính Bảng,Samsung,https://shopee.vn/shop/370383109,2023-07,353600000,17,Samsung Galaxy S22+,Shopee,2023,07,Hàn Quốc
"Điện Thoại Samsung Galaxy S20 Plus (S20+) 5G Ram 12G/256G Chính Hãng, Camera Sau: Chính 12 Mp & Phụ 64 Mp, 12 Mp, Tof 3D, Màn Hình: Dynamic Amoled 2X6.7 Quad Hd+ (2K+)  - Bảo Hành 12 Tháng",228137145,Điện Thoại & Máy Tính Bảng,Samsung,https://www.lazada.vn/tay-nguyen-store-47,2023-03,450968775,85,Samsung Galaxy S20+,Don't Use,2023,03,Hàn Quốc
"Điện Thoại Realme 6 Chính Hãng 2Sim Ram 8G/256G, Màn Hình: Ips Lcd6.5 Full Hd+, Cày Game Mượt - Ggs 01",227370000,Điện Thoại & Máy Tính Bảng,Realme,https://shopee.vn/shop/108110554,2022-08,345753000,197,Don't Use,Shopee,2022,08,Trung Quốc
"Điện Thoại Samsung Galaxy A14 ( 4Gb - 128Gb )- Hàng Chính Hãng, Mới 100%, Bảo Hành 12 Tháng",225770000,Điện Thoại & Máy Tính Bảng,Samsung,https://www.lazada.vn/happy-phone,2023-03,550327000,154,Samsung Galaxy A14,Don't Use,2023,03,Hàn Quốc
"Điện Thoại Oppo A74 5G 2Sim Ram 12/512G Máy Chính Hãng, Màn: Ips Lcd6.5 Full Hd+, Chiến Mọi Game Nặng Đỉnh - Bcc 06",224025000,Điện Thoại & Máy Tính Bảng,Oppo,https://shopee.vn/shop/25143432,2022-11,341108000,342,Don't Use,Shopee,2022,11,Trung Quốc
Điện Thoại Samsung Galaxy A34 5G 128Gb Ram 8G Nguyên Seal Bảo Hành 12 Tháng - 25334,222490000,Điện Thoại & Máy Tính Bảng,Samsung,https://shopee.vn/shop/37679543,2023-06,393940000,62,Samsung Galaxy A34,Shopee,2023,06,Hàn Quốc
Điện Thoại Samsung Galaxy A33 5G (6Gb/128Gb) - Hàng Chính Hãng,222180000,Điện Thoại & Máy Tính Bảng,Samsung,https://www.lazada.vn/binguyenshop,2022-10,976935539,184,Samsung Galaxy A33,Don't Use,2022,10,Hàn Quốc
"Điện Thoại Giá Rẻ Lg V60 Thinq 5G Chính Hãng, Ram 8/128G,Camera Sau 64 Mp &13 Mp, Tof 3D, Cày Game Mượt - Bnn 01",221763000,Điện Thoại & Máy Tính Bảng,Lg,https://shopee.vn/shop/11171175,2022-04,539241000,209,Don't Use,Shopee,2022,04,Hàn Quốc
"Điện Thoại Oppo F1S 2Sim Ram 4G/64G Chính Hãng Mới, Chiến Game Siêu Mượt - Ggs 02",220096000,Điện Thoại & Máy Tính Bảng,Oppo,https://shopee.vn/shop/108110554,2020-09,1273288000,781,Don't Use,Shopee,2020,09,Trung Quốc
Điện Thoại Samsung Galaxy S8 Plus Ram 4G/64G Mới Chính Hãng - Chơi Pubg/Free Fire Mướt (Màu Tím Khói),219912000,Điện Thoại & Máy Tính Bảng,Samsung,https://shopee.vn/shop/48782032,2020-07,2499068000,506,Samsung Galaxy S8+,Shopee,2020,07,Hàn Quốc
"Điện Thoại Sony Xperia 5 - Sony X5 Ram 6G Rom 64G Chính Hãng, Chiến Free/Pubg/Liên Quân Chất - Bcc 05",219840000,Điện Thoại & Máy Tính Bảng,Sony,https://shopee.vn/shop/25143432,2022-03,1537925000,664,Don't Use,Shopee,2022,03,Nhật Bản
Điện Thoại Oppo Find X5 Pro 5G,219800000,Điện Thoại & Máy Tính Bảng,Oppo,https://shopee.vn/shop/370383109,2023-07,219800000,10,Don't Use,Shopee,2023,07,Trung Quốc
Điện Thoại Samsung Galaxy A54 5G (8Gb/128Gb) - Hàng Chính Hãng,218120000,Điện Thoại & Máy Tính Bảng,Samsung,https://www.lazada.vn/binguyenshop,2023-06,366130000,47,Samsung Galaxy A54,Don't Use,2023,06,Hàn Quốc
Điện Thoại Realme 10 Pro+ Cấu Hình Mediatek Dimensity 1080,217980000,Điện Thoại & Máy Tính Bảng,Realme,https://shopee.vn/shop/255459904,2022-12,1032115000,187,Don't Use,Shopee,2022,12,Trung Quốc
"Điện Thoại Oppo F5 2Sim Ram 6G/128G Mới Chính Hãng, Camera Selfiel Siêu Nét, Chiến Game Nặng Mượt - Ggs 01",217536000,Điện Thoại & Máy Tính Bảng,Oppo,https://shopee.vn/shop/108110554,2020-09,1179569090,687,Don't Use,Shopee,2020,09,Trung Quốc
"Điện Thoại Oppo A1K - Oppo A1 K 2Sim Ram 6G/128G Mới Chính Hãng, Chiến Pubg/Free Fire Mướt - Bnn 02",216781000,Điện Thoại & Máy Tính Bảng,Oppo,https://shopee.vn/shop/11171175,2020-09,2854763000,1331,Don't Use,Shopee,2020,09,Trung Quốc
"[ Rẻ Hủy Diệt ] Điện Thoại Vivo S1 2Sim Ram 8G Bộ Nhớ 512G Mới Chính Hãng, Chiến Pubg/Liên Quân Đỉnh - Ggs 06",214676000,Điện Thoại & Máy Tính Bảng,Vivo,https://shopee.vn/shop/108110554,2022-01,625605000,351,Don't Use,Shopee,2022,01,Trung Quốc
Điện Thoại Samsung Galaxy Z Flip 5 - Hàng Chính Hãng,213920000,Điện Thoại & Máy Tính Bảng,Samsung,https://tiki.vn/cua-hang/tiki-trading,2023-07,265900000,10,Samsung Galaxy Z Flip 5,Don't Use,2023,07,Hàn Quốc
"[Rẻ Hủy Diệt] Điện Thoại Samsung Galaxy Note 8 2Sim Ram 6G Bộ Nhớ 64G Mới 99% Máy Chính Hãng, Camera Siêu Đẹp Ggs 01",213874000,Điện Thoại & Máy Tính Bảng,Samsung,https://shopee.vn/shop/108110554,2020-01,1688336000,560,Samsung Galaxy Note 8,Shopee,2020,01,Hàn Quốc
"Điện Thoại Samsung Galaxy A50 Chính Hãng, Ram 4G/64G Mới, Chiến Pubg/Liên Quân Mượt - Bnn 03",212165000,Điện Thoại & Máy Tính Bảng,Samsung,https://shopee.vn/shop/11171175,2021-03,11996317000,2074,Samsung Galaxy A50,Shopee,2021,03,Hàn Quốc
Điện Thoại Infinix Hot 30I 4Gb/128Gb - Hàng Chính Hãng,211310000,Điện Thoại & Máy Tính Bảng,Infinix,https://shopee.vn/shop/1006133853,2023-07,223760000,90,Don't Use,Shopee,2023,07,Trung Quốc
"Điện Thoại Samsung Galaxy A70 2Sim Ram 6/128G Chính Hãng, Cấu Hình Cpu Siêu Cao Cấp, Đánh Mọi Game Nặng Chất  Bcc 06",210924000,Điện Thoại & Máy Tính Bảng,Samsung,https://shopee.vn/shop/25143432,2022-11,711062000,591,Samsung Galaxy A70,Shopee,2022,11,Hàn Quốc
Điện Thoại Oppo A17 4Gb/64Gb-Hàng Chính Hãng,209740000,Điện Thoại & Máy Tính Bảng,Oppo,https://shopee.vn/shop/458675969,2022-10,657220000,183,Don't Use,Shopee,2022,10,Trung Quốc
"Điện Thoại Oppo F9 Pro 2Sim Ram 8G Rom 512G , Máy Chính Hãng, Chiến Game Nặng Mượt - Ggs 01",208978000,Điện Thoại & Máy Tính Bảng,Oppo,https://shopee.vn/shop/108110554,2021-12,404494000,309,Don't Use,Shopee,2021,12,Trung Quốc
"[ Rẻ Hủy Diệt ] Điện Thoại Samsung Galaxy A40 2Sim 4/64Gb, Máy Chính Hãng, Chiến Free/Pubg/Liên Quân Chất - Ggs 05",208978000,Điện Thoại & Máy Tính Bảng,Samsung,https://shopee.vn/shop/108110554,2022-02,905441030,699,Samsung Galaxy A40,Shopee,2022,02,Hàn Quốc
"Điện Thoại Google Pixel 7 Chính Hãng, Nguyên Bản 100%, Máy Đẹp Pin Cao Bh Gg Dài Bản 8/128",206710000,Điện Thoại & Máy Tính Bảng,Google,https://shopee.vn/shop/8940655,2023-06,590760000,84,Don't Use,Shopee,2023,06,Hoa Kỳ
Điện Thoại Itel S23 16Gb(8Gb+8Gb) /128Gb | Pin 5000Mah | 6.6 Inch | Camera 50Mp | Hàng Chính Hãng,206280000,Điện Thoại & Máy Tính Bảng,Itel,https://shopee.vn/shop/786178894,2023-05,830120000,288,Don't Use,Shopee,2023,05,Trung Quốc
"Điện Thoại Realme 6 Ram 8G Rom 256G 2Sim Chính Hãng, Màn Hình: Ips Lcd6.5 Full Hd+, Camera Sau: 64 Mp & 8 Mp - Ggs 02",205128000,Điện Thoại & Máy Tính Bảng,Realme,https://shopee.vn/shop/108110554,2022-08,312601120,169,Don't Use,Shopee,2022,08,Trung Quốc
"Điện Thoại Giá Rẻ Lg G6 Ram 4G Bộ Nhớ 32G Mới Chính Hãng, Chiến Pubg/Free Fire Mượt - Bnn 03",204972000,Điện Thoại & Máy Tính Bảng,Lg,https://shopee.vn/shop/11171175,2020-08,5946036000,3055,Don't Use,Shopee,2020,08,Hàn Quốc
"Điện Thoại Realme 6 Chính Hãng 2Sim Ram 8/128G, Cấu Hình Cpu Siêu Cao Cấp, Đánh Mọi Game Nặng Chất  - Bcc 05",203895000,Điện Thoại & Máy Tính Bảng,Realme,https://shopee.vn/shop/25143432,2022-11,271163000,137,Don't Use,Shopee,2022,11,Trung Quốc
"Điện Thoại Giá Rẻ Lg G8X Thinq Ram 6G/128G Zin Mới Chính Hãng, Chiến Game Nặng Mướt, Camera Nét - Bnn 01",203228000,Điện Thoại & Máy Tính Bảng,Lg,https://shopee.vn/shop/11171175,2021-03,10612880000,2248,Don't Use,Shopee,2021,03,Hàn Quốc
"Điện Thoại Realme 5 Pro 2Sim Ram 8G Rom 256G Chính Hãng,Màn: Ips Lcd, 6.3 , Full Hd+, Cpu: Snapdragon 712 8 Nhân Ggs 02",201020000,Điện Thoại & Máy Tính Bảng,Realme,https://shopee.vn/shop/108110554,2022-08,836742000,479,Don't Use,Shopee,2022,08,Trung Quốc
Điện Thoại Lg G7 Thinq Màn 6.1 Inch 2K - Snap 845 Ram 4G 64G,200895000,Điện Thoại & Máy Tính Bảng,Lg,https://shopee.vn/shop/49282974,2019-05,4710632880,1673,Don't Use,Shopee,2019,05,Hàn Quốc
Điện Thoại Xiaomi Mi 11 Ultra Ram 08Gb/256 Gb,200000000,Điện Thoại & Máy Tính Bảng,Xiaomi,https://shopee.vn/shop/131790194,2023-08,200000000,8,Don't Use,Shopee,2023,08,Trung Quốc
"Rẻ Như Rẻ Điện Thoại Chính Hãng Sony Xperia 1 - Sony Xpera X1 Ram 6/128G,Cày Game Nặng Siêu Mượt - Bnn 06",199938000,Điện Thoại & Máy Tính Bảng,Sony,https://shopee.vn/shop/11171175,2022-04,660868000,308,Don't Use,Shopee,2022,04,Nhật Bản
"Điện Thoại Samsung Galaxy S20 Plus Hỗ Trợ Mạng 5G 2Sim Ram 12G Rom 256G Chính Hãng, Cấu Hình Siêu Khủng - Ggs 03",199473600,Điện Thoại & Máy Tính Bảng,Samsung,https://shopee.vn/shop/108110554,2022-08,777558200,312,Samsung Galaxy S20+,Shopee,2022,08,Hàn Quốc
Điện Thoại Xiaomi Poco F5 Pro Amoled 6.67  | Snapdragon 8+ Gen 1 | 5160Mah,197820000,Điện Thoại & Máy Tính Bảng,Xiaomi,https://shopee.vn/shop/340431675,2023-05,689880000,62,Don't Use,Shopee,2023,05,Trung Quốc
"Điện Thoại Oppo A94 5G 2Sim Bộ Nhớ 512G Ram 12G , Máy Chính Hãng, Cày Game Đỉnh - Bcc 06",196820000,Điện Thoại & Máy Tính Bảng,Oppo,https://shopee.vn/shop/25143432,2022-03,441188000,199,Don't Use,Shopee,2022,03,Trung Quốc
"Điện Thoại Oppo F1S 2Sim Ram 4G/64G Mới Chính Hãng, Cài Full Zalo Fb Youtube Tiktok Chất - Ggs 05",196636000,Điện Thoại & Máy Tính Bảng,Oppo,https://shopee.vn/shop/108110554,2020-09,1057613030,823,Don't Use,Shopee,2020,09,Trung Quốc
"Điện Thoại Oppo A9 Chính Hãng 2Sim Ram 8G Rom 2512G, Cày Game Zalo Tiktok Fb Youtube Chất Đỉnh - Bnn 01",196440000,Điện Thoại & Máy Tính Bảng,Oppo,https://shopee.vn/shop/11171175,2022-04,510782000,261,Don't Use,Shopee,2022,04,Trung Quốc
"Điện Thoại Samsung Galaxy Note 9 128G Ram 6G Mới Chính Hãng Zin, Chơi Game Nặng Siêu Mượt",196000000,Điện Thoại & Máy Tính Bảng,Samsung,https://shopee.vn/shop/48782032,2020-10,2275397000,573,Samsung Galaxy Note 9,Shopee,2020,10,Hàn Quốc
"Điện Thoại Giá Siêu Rẻ Sony Xperia 8 Chính Hãng Ram 4G/64G, Cày Game Nặng Chất, Bảo Hành 12 Tháng, - Bcc 05",195415000,Điện Thoại & Máy Tính Bảng,Sony,https://shopee.vn/shop/25143432,2023-03,310465000,135,Don't Use,Shopee,2023,03,Nhật Bản
Điện Thoại Samsung Galaxy A34 5G (8Gb/128Gb),193960000,Điện Thoại & Máy Tính Bảng,Samsung,https://www.lazada.vn/samsung-flagship-store,2023-03,926690000,124,Samsung Galaxy A34,Don't Use,2023,03,Hàn Quốc
Điện Thoại Samsung Galaxy S10 Ram 8G/128G Máy Chính Hãng - Bảo Hành 12 Tháng,193154000,Điện Thoại & Máy Tính Bảng,Samsung,https://www.lazada.vn/tay-nguyen-store-47,2023-03,407303000,97,Samsung Galaxy S10+,Don't Use,2023,03,Hàn Quốc
"Điện Thoại Samsung Galaxy S10 Ram 8G/128G Máy Chính Hãng, Màn Hình: Dynamic Amoled6.1 Quad Hd+ (2K+) - Bảo Hành 12 Tháng",193154000,Điện Thoại & Máy Tính Bảng,Samsung,https://www.lazada.vn/tay-nguyen-store-47,2023-03,403104000,96,Samsung Galaxy S10+,Don't Use,2023,03,Hàn Quốc
"Điện Thoại Lg V60 Thinq Ram 8G Rom 128G Chính Hãng, Chip: Snapdragon 865, Màn Hình: P-Oled6.8 Quad Hd+ (2K+) - Bnn 03",193121000,Điện Thoại & Máy Tính Bảng,Lg,https://shopee.vn/shop/11171175,2022-04,971893000,646,Don't Use,Shopee,2022,04,Hàn Quốc
Điện Thoại Xiaomi Poco X5 Pro 5G 6+128Gb | 8+256Gb,192400000,Điện Thoại & Máy Tính Bảng,Xiaomi,https://shopee.vn/shop/340431675,2023-02,751890000,109,Don't Use,Shopee,2023,02,Trung Quốc
"[ Rẻ Như Rẻ '' Điện Thoại Lg V40 Thinq Ram 6G Rom 128G Mới Chính Hãng - Snap 845 8 Nhân, Chiến Pubg - Bnn 06",191904000,Điện Thoại & Máy Tính Bảng,Lg,https://shopee.vn/shop/11171175,2021-04,5956964000,2277,Don't Use,Shopee,2021,04,Hàn Quốc
Điện Thoại Xiaomi 13 Pro Mi 13 Pro Rom Tiếng Việt { Brand New },191880000,Điện Thoại & Máy Tính Bảng,Xiaomi,https://shopee.vn/shop/608521447,2023-03,368670000,23,Don't Use,Shopee,2023,03,Trung Quốc
"Điện Thoại Chính Hãng Oppo A93 5G 2Sim Ram 12G/512Gb, Chiến Pubg/Free/Liên Quân Đỉnh - Bcc 06",189905000,Điện Thoại & Máy Tính Bảng,Oppo,https://shopee.vn/shop/25143432,2022-03,556531000,272,Don't Use,Shopee,2022,03,Trung Quốc
Điện Thoại Oppo A76 (6Gb/128Gb) - Hàng Chính Hãng,189150000,Điện Thoại & Máy Tính Bảng,Oppo,https://shopee.vn/shop/458675969,2023-04,716177000,146,Don't Use,Shopee,2023,04,Trung Quốc
"Điện Thoại Realme 5 Pro Ram 8G/256G 2Sim Chính Hãng, Camera Sau: Chính 48 Mp & Phụ 8 Mp, 2 Mp, 2 Mp, Màn 6.3'' Ggs 01",188110000,Điện Thoại & Máy Tính Bảng,Realme,https://shopee.vn/shop/108110554,2022-08,739348720,511,Don't Use,Shopee,2022,08,Trung Quốc
"Điện Thoại Sony Xz3 - Sony Xperia Xz3 Chính Hãng Ram 4/64G, Màn: P-Oled, 6.0 , Quad Hd+ (2K+), Cày Game Nặng - Ggs 04",187290000,Điện Thoại & Máy Tính Bảng,Sony,https://shopee.vn/shop/108110554,2022-07,551760000,372,Don't Use,Shopee,2022,07,Nhật Bản
"Điện Thoại Oppo A9 2Sim Ram 8G Rom 256G, Máy Chính Hãng, Chiến Pubg/Free Fire Chất Đỉnh - Ggs 02",186780000,Điện Thoại & Máy Tính Bảng,Oppo,https://shopee.vn/shop/108110554,2022-01,916194530,543,Don't Use,Shopee,2022,01,Trung Quốc
"Điện Thoại Samsung Galaxy A51 2Sim Chính Hãng Ram 6G/128G, Cấu Hình Cao Ngất, Cân Mọi Game Nặng Chất - Bnn 01",184203000,Điện Thoại & Máy Tính Bảng,Samsung,https://shopee.vn/shop/11171175,2022-10,1150077000,605,Samsung Galaxy A51,Shopee,2022,10,Hàn Quốc
"Điện Thoại Sony Xperia 5 Chính Hãng Ram 6G Rom 64G, Cpu Snap 855, Cày Game Nặng Mượt - Bnn 03",183649000,Điện Thoại & Máy Tính Bảng,Sony,https://shopee.vn/shop/11171175,2022-04,997789000,623,Don't Use,Shopee,2022,04,Nhật Bản
Điện Thoại Itel S23 8Gb(4Gb+4Gb) /128Gb | Pin 5000Mah | 6.6 Inch | Camera 50Mp  | Face Id | Hàng Chính Hãng,183434000,Điện Thoại & Máy Tính Bảng,Itel,https://shopee.vn/shop/786178894,2023-08,183434000,80,Don't Use,Shopee,2023,08,Trung Quốc
Điện Thoại Xiaomi Mi 10S Ram 8/128Gb Chip Snapdragon 870 5G Camera Lên Tới 108Mp Thiết Kế Cao Cấp Hiệu Năng Mạnh Mẽ,183302000,Điện Thoại & Máy Tính Bảng,Xiaomi,https://shopee.vn/shop/204574220,2023-07,282260000,60,Don't Use,Shopee,2023,07,Trung Quốc
"Điện Thoại Samsung Galaxy A24 - Hàng Chính Hãng, Mới 100%, Bảo Hành 12 Tháng",182760000,Điện Thoại & Máy Tính Bảng,Samsung,https://shopee.vn/shop/68527388,2023-05,349850000,65,Samsung Galaxy A24,Shopee,2023,05,Hàn Quốc
"Điện Thoại Oppo A73 5G 2Sim Ram 8G/256G Máy Chính Hãng, Chiến Game Nặng Đỉnh, Bảo Hành 12 Tháng - Bcc 05",181860000,Điện Thoại & Máy Tính Bảng,Oppo,https://shopee.vn/shop/25143432,2022-11,218232000,168,Don't Use,Shopee,2022,11,Trung Quốc
"Điện Thoại Realme X2 Chính Hãng 2Sim Ram 8G Bộ Nhớ 256G, Chip: Snapdragon 730G, Cấu Hình Chip Cao Mạnh Mẽ Cày Liên Quân- Pubg-Free Fire-Tiktok Siêu Mượt",180999000,Điện Thoại & Máy Tính Bảng,Realme,https://www.lazada.vn/tay-nguyen-store-47,2022-09,263826000,74,Don't Use,Don't Use,2022,09,Trung Quốc
"Điện Thoại Samsung Galaxy A30 2Sim Ram 4G/64G, Máy Chính Hãng, Chiến Free/Pubg/Liên Quân Chất Đỉnh - Bcc 06",180574000,Điện Thoại & Máy Tính Bảng,Samsung,https://shopee.vn/shop/25143432,2022-02,730730000,817,Samsung Galaxy A30,Shopee,2022,02,Hàn Quốc
Điện Thoại Samsung Galaxy S23 (8Gb/256Gb) - Hàng Chính Hãng,180010000,Điện Thoại & Máy Tính Bảng,Samsung,https://shopee.vn/shop/645499489,2023-02,180010000,9,Samsung Galaxy S23,Shopee,2023,02,Hàn Quốc
"Điện Thoại Oppo A74 5G Chính Hãng 2Sim Ram 8G/256G, Cấu Hình Mạnh Đỉnh Cày Pubg/Liên Quân/Free Fire/Tiktok Siêu Mượt",179900000,Điện Thoại & Máy Tính Bảng,Oppo,https://www.lazada.vn/tay-nguyen-store-47,2022-09,399378000,111,Don't Use,Don't Use,2022,09,Trung Quốc
[Mã Elre20 Giảm 20% Tối Đa 2Tr] Điện Thoại Infinix Hot 20 Play 4Gb/128Gb,179710000,Điện Thoại & Máy Tính Bảng,Infinix,https://shopee.vn/shop/839188640,2023-02,1287560000,494,Don't Use,Shopee,2023,02,Trung Quốc
Điện Thoại Thông Minh Tecno Camon 20 Pro 8Gb/256Gb - Camera 64Mp + 32Mp | Helio G99 5000 Mah/ 33W | 6.7'' Fhd Amoled,179640000,Điện Thoại & Máy Tính Bảng,Tecno,https://shopee.vn/shop/442733715,2023-06,971070000,193,Don't Use,Shopee,2023,06,Trung Quốc
"Điện Thoại Oppo F11 2Sim Ram 8G/256G Chính Hãng, Chiến Pubg/Liên Quân Quá Chất - Ggs 02",179184000,Điện Thoại & Máy Tính Bảng,Oppo,https://shopee.vn/shop/108110554,2021-12,1223447150,574,Don't Use,Shopee,2021,12,Trung Quốc
"Điện Thoại Chính Hãng Oppo Reno 4 - Reno4 2Sim Ram 8G/256G, Màn 6.4Inch, Camera Siêu Nét, Cày Game Mượt - Ggs 05",179088000,Điện Thoại & Máy Tính Bảng,Oppo,https://shopee.vn/shop/108110554,2023-03,676869060,423,Don't Use,Shopee,2023,03,Trung Quốc
"Điện Thoại Chính Hãng Samsung Galaxy A71 Máy 2Sim Ram 8G/128G, Camera Siêu Nét, Cày Game Mượt - Bnn 04",179088000,Điện Thoại & Máy Tính Bảng,Samsung,https://shopee.vn/shop/11171175,2023-02,374266000,234,Samsung Galaxy A71,Shopee,2023,02,Hàn Quốc
"Điện Thoại Chính Hãng Samsung Galaxy Note 9 2Sim Ram 6/128G, Màn 6.4Inch, Camera Siêu Nét, Chiến Game Nặng Đỉnh - Bnn 04",179088000,Điện Thoại & Máy Tính Bảng,Samsung,https://shopee.vn/shop/11171175,2023-02,364572000,228,Samsung Galaxy Note 9,Shopee,2023,02,Hàn Quốc
"Điện Thoại Samsung Galaxy S9 Plus Chính Hãng 2Sim Ram 6/64G,Camera Sau: 2 Camera 12 Mp, Cpu: Exynos 9810 8 Nhân - Bnn 03",178976000,Điện Thoại & Máy Tính Bảng,Samsung,https://shopee.vn/shop/11171175,2022-04,932070500,582,Samsung Galaxy S9+,Shopee,2022,04,Hàn Quốc
"Điện Thoại Chính Hãng Sony Xperia 5 ( Sony X5 ) Ram 6G/64G, Màn 6.1Inch, Camera Siêu Nét - Ggs 05",178909000,Điện Thoại & Máy Tính Bảng,Sony,https://shopee.vn/shop/108110554,2023-02,320838000,162,Don't Use,Shopee,2023,02,Nhật Bản
"[ Rẻ Vô Địch ] Điện Thoại Xiaomi Redmi 9A 2Sim Ram 4G/64G Chính Hãng, Pin 5000Mah, Cân Game Nặng Quá Đỉnh - Bcc 05",178290000,Điện Thoại & Máy Tính Bảng,Xiaomi,https://shopee.vn/shop/25143432,2022-02,504496000,297,Don't Use,Shopee,2022,02,Trung Quốc
"Điện Thoại Realme C21Y Chính Hãng 2Sim Ram 8G/128G, Cấu Hình Chip Cao Mạnh Mẽ Cày Liên Quân- Pubg-Free Fire-Tiktok Siêu Mượt",177450000,Điện Thoại & Máy Tính Bảng,Realme,https://www.lazada.vn/tay-nguyen-store-47,2022-09,267375000,75,Don't Use,Don't Use,2022,09,Trung Quốc
"[ Rẻ Hủy Diệt] Điện Thoại Oppo F9 Pro 2Sim (8Gb/512Gb) Chính Hãng Mới, Màn 6.3Inch, Cân Pubg/Free Fire Chất Lừ - Ggs 04",176457000,Điện Thoại & Máy Tính Bảng,Oppo,https://shopee.vn/shop/108110554,2021-12,356441000,261,Don't Use,Shopee,2021,12,Trung Quốc
"Điện Thoại Samsung Galaxy S23 Ultra 5G - Hàng Chính Hãng, Mới 100%, Nguyên Seal",175920000,Điện Thoại & Máy Tính Bảng,Samsung,https://shopee.vn/shop/349543642,2022-03,1385980000,63,Samsung Galaxy S23 Ultra,Shopee,2022,03,Hàn Quốc
"Điện Thoại Sony Xperia Xz3 Chính Hãng 4/64G, Cấu Hình Cpu Siêu Cao Cấp, Đánh Mọi Game Nặng Chất - Bcc 06",175655000,Điện Thoại & Máy Tính Bảng,Sony,https://shopee.vn/shop/25143432,2022-11,824619150,446,Don't Use,Shopee,2022,11,Nhật Bản
"Điện Thoại Oppo A56 5G Chính Hãng 2Sim Ram 8G/128G, Camera Sau:48 Mp &2 Mp, 2 Mp, Chiến Game Nặng Đỉnh - Bcc 06",175410000,Điện Thoại & Máy Tính Bảng,Oppo,https://shopee.vn/shop/25143432,2022-11,383953000,197,Don't Use,Shopee,2022,11,Trung Quốc
"Điện Thoại Vivo Y21S Chính Hãng Ram 8G Rom 256G 2Sim, Mànips Lcd6.51 Hd+, Chip: Mediatek Helio G80, Cày Game Ok - Bcc 05",175403000,Điện Thoại & Máy Tính Bảng,Vivo,https://shopee.vn/shop/25143432,2022-07,360033000,366,Don't Use,Shopee,2022,07,Trung Quốc
"Điện Thoại Giá Rẻ Samsung Galaxy J7 Pro 2Sim Ram 3G/32G Mới Chính Hãng, Màn 5.5Inch, Chơi Pubg Mượt - Ggs 03",175370000,Điện Thoại & Máy Tính Bảng,Samsung,https://shopee.vn/shop/108110554,2020-02,1217067120,803,Samsung Galaxy J7 Pro,Shopee,2020,02,Hàn Quốc
"Điện Thoại Vivo Y20S - Vivo Y20 S Chính Hãng 2Sim Ram 8/256G, Màn 6.51'', Camera Sau: 13 Mp & 2 Mp, 2 Mp - Bcc 05",175208000,Điện Thoại & Máy Tính Bảng,Vivo,https://shopee.vn/shop/25143432,2022-08,328696000,227,Don't Use,Shopee,2022,08,Trung Quốc
"[ Rẻ Hủy Diệt ] Điện Thoại Samsung Galaxy S8 Plus 2Sim Ram 4G/64G Mới Chính Hãng, Chơi Game Nặng Mượt - Ggs 05",175200000,Điện Thoại & Máy Tính Bảng,Samsung,https://shopee.vn/shop/108110554,2020-09,1475222770,623,Samsung Galaxy S8+,Shopee,2020,09,Hàn Quốc
"Điện Thoại Samsung Galaxy J2 Prime G532 2Sim (1.5G/8Gb) Máy Đẹp Keng, Full Chức Năng - Ggs 03",174537000,Điện Thoại & Máy Tính Bảng,Samsung,https://shopee.vn/shop/108110554,2020-03,1497495030,1141,Samsung Galaxy J2,Shopee,2020,03,Hàn Quốc
"Rẻ Như Rẻ Điện Thoại Sony Xperia Xz3 (4Gb/64Gb) Mới Zin Chính Hãng, Cpu Snap 845 8 Nhân - Bnn 06",174450000,Điện Thoại & Máy Tính Bảng,Sony,https://shopee.vn/shop/11171175,2021-04,7597346000,2930,Don't Use,Shopee,2021,04,Nhật Bản
"Điện Thoại Samsung Galaxy A20 2Sim Chính Hãng, Ram 4G Rom 64G, Làm Tiktok Youtube Fb Zalo Chất - Ggs 03",174400000,Điện Thoại & Máy Tính Bảng,Samsung,https://shopee.vn/shop/108110554,2022-02,799297030,707,Samsung Galaxy A20,Shopee,2022,02,Hàn Quốc
"Rẻ Như Rẻ Điện Thoại Oppo A1K 2Sim Ram 6G/128G Mới Chính Hãng, Chơi Game Siêu Mượt, Pin 4000Mah - Bnn 06",173594000,Điện Thoại & Máy Tính Bảng,Oppo,https://shopee.vn/shop/11171175,2020-09,3731392000,1798,Don't Use,Shopee,2020,09,Trung Quốc
"Điện Thoại Giá Rẻ Máy Chính Hãng Samsung Galaxy S10 Ram 8G/128G, Màn Hình: Dynamic Amoled6.1 Quad Hd+ (2K+), Camera Sau: Chính 12 Mp & Phụ 12 Mp, 16 Mp - Bảo Hành 12 Tháng",172159000,Điện Thoại & Máy Tính Bảng,Samsung,https://www.lazada.vn/tay-nguyen-store-47,2023-03,377910000,90,Samsung Galaxy S10+,Don't Use,2023,03,Hàn Quốc
"Điện Thoại Chính Hãng Giá Rẻ Realme 5 Pro 2Sim Ram 8/256G, Bảo Hành 12 Tháng, Chiến Mọi Game Siêu Mượt - Bnn 03",172121000,Điện Thoại & Máy Tính Bảng,Realme,https://shopee.vn/shop/11171175,2022-04,293660520,178,Don't Use,Shopee,2022,04,Trung Quốc
Điện Thoại Samsung Galaxy A14  (4Gb/128Gb) - Hàng Chính Hãng - Đã Kích Hoạt Bảo Hành Điện Tử,172118000,Điện Thoại & Máy Tính Bảng,Samsung,https://tiki.vn/cua-hang/happy-phone,2023-03,305284000,79,Samsung Galaxy A14,Don't Use,2023,03,Hàn Quốc
Rẻ Như Rẻ Điện Thoại Xiaomi Redmi 9A ( Xiaomi Redmi 9 A ) 2Sim (2Gb32Gb) Mới Chính Hãng - Có Tiếng Việt - Bnn 06,171513000,Điện Thoại & Máy Tính Bảng,Xiaomi,https://shopee.vn/shop/11171175,2021-04,3420777000,1500,Don't Use,Shopee,2021,04,Trung Quốc
"Điện Thoại Chính Hãng Samsung Galaxy A32 2Sim Ram 6G/128G, Camera Sau: Chính 64 Mp & Phụ 8 Mp, 5 Mp, 5 Mp - Bnn 02",171093000,Điện Thoại & Máy Tính Bảng,Samsung,https://shopee.vn/shop/11171175,2023-02,380694920,238,Samsung Galaxy A32,Shopee,2023,02,Hàn Quốc
"Điện Thoại Giá Rẻ Samsung Galaxy S9 64G Ram 4G Mới Chính Hãng, Chiến Liên Quân/Free/Pubg Chất Lừ - Bcc 06",170810000,Điện Thoại & Máy Tính Bảng,Samsung,https://shopee.vn/shop/25143432,2020-12,577271000,319,Samsung Galaxy S9+,Shopee,2020,12,Hàn Quốc
"Điện Thoại Oppo F7 2Sim (Màu Đỏ) Ram 4G/64G Mới Fullbox, Chơi Game Nặng Mượt",170651000,Điện Thoại & Máy Tính Bảng,Oppo,https://shopee.vn/shop/48782032,2020-07,3308282000,895,Don't Use,Shopee,2020,07,Trung Quốc
"Điện Thoại Samsung Galaxy Note 8 Chính Hãng Ram 6G Bộ Nhớ 64G, Chiến Game Nặng Chất Đỉnh - Bnn 02",170390000,Điện Thoại & Máy Tính Bảng,Samsung,https://shopee.vn/shop/11171175,2022-06,843079000,544,Samsung Galaxy Note 8,Shopee,2022,06,Hàn Quốc
"[ Rẻ Vô Địch ] Điện Thoại Oppo F9 Pro Chính Hãng 2Sim Ram 8/256G - Camera Sắc Nét, Cân Game Nặng Mượt - Ggs 01",170367000,Điện Thoại & Máy Tính Bảng,Oppo,https://shopee.vn/shop/108110554,2021-12,877213000,637,Don't Use,Shopee,2021,12,Trung Quốc
"Điện Thoại Xiaomi Redmi Note 10T 5G (4Gb/64Gb) ,Màn 90Hz,Chống Nước Ip68, Mới Nguyên Seal ,Bản Quốc Tế",170046000,Điện Thoại & Máy Tính Bảng,Xiaomi,https://shopee.vn/shop/27662376,2022-10,408342000,130,Don't Use,Shopee,2022,10,Trung Quốc
"Điện Thoại Giá Rẻ Sony Xperia 1 Ram 6G Rom 128G, Máy Chính Hãng, Màn Hình 6.5Inch, Cpu Snap 855 - Bnn 05",169900000,Điện Thoại & Máy Tính Bảng,Sony,https://shopee.vn/shop/11171175,2022-04,535578000,315,Don't Use,Shopee,2022,04,Nhật Bản
"Điện Thoại Chính Hãng Oppo Reno4 Z Bản 5G 2Sim Ram 8G/256G, Camera Sau: 48 Mp & 8 Mp, 2 Mp, 2 Mp, Cân Game Đỉnh Bnn 02",169689000,Điện Thoại & Máy Tính Bảng,Oppo,https://shopee.vn/shop/11171175,2023-02,352375000,225,Don't Use,Shopee,2023,02,Trung Quốc
"Điện Thoại Samsung Galaxy S20 Ultra 5G Chính Hãng, Màn: 6.9 Inches, Snapdragon 865, Chiến Game Nặng Chất - Ggs 03",169000000,Điện Thoại & Máy Tính Bảng,Samsung,https://shopee.vn/shop/108110554,2022-08,613598000,146,Samsung Galaxy S20 Ultra,Shopee,2022,08,Hàn Quốc
Điện Thoại Xiaomi Poco F3 8Gb L 256Gb - Snapdragon 870 5G - Amoled 120Hz - Loa Kép Chuẩn Dolby Atmos® - Chính Hãng,168610000,Điện Thoại & Máy Tính Bảng,Xiaomi,https://shopee.vn/shop/191065034,2021-05,9886450000,1072,Don't Use,Shopee,2021,05,Trung Quốc
"Điện Thoại Lg V40 Thinq Ram 6G/64G Mới Chính Hãng, Cpu Snap 845 8 Nhân, Camera Siêu Nét - Ggs 01",167487000,Điện Thoại & Máy Tính Bảng,Lg,https://shopee.vn/shop/108110554,2020-09,1684466060,664,Don't Use,Shopee,2020,09,Hàn Quốc
"Điện Thoại Xiaomi Redmi Note 11 5G Chính Hãng 2Sim Ram 6G Bộ Nhớ 128G, Cấu Hình Chip Cao Mạnh Mẽ Cày Liên Quân- Pubg-Free Fire-Tiktok Siêu Mượt",167112000,Điện Thoại & Máy Tính Bảng,Xiaomi,https://www.lazada.vn/tay-nguyen-store-47,2022-09,303840000,80,Don't Use,Don't Use,2022,09,Trung Quốc
Điện Thoại Xiaomi Poco F3 8Gb L 256Gb - Snapdragon 870 5G - Amoled 120Hz - Loa Kép Chuẩn Dolby Atmos® - Chính Hãng,166750000,Điện Thoại & Máy Tính Bảng,Xiaomi,https://shopee.vn/shop/403571751,2023-06,274230000,41,Don't Use,Shopee,2023,06,Trung Quốc
Điện Thoại Samsung Galaxy Note 9 2Sim Ram 6G/128G Mới Chính Hãng,165000000,Điện Thoại & Máy Tính Bảng,Samsung,https://shopee.vn/shop/48810739,2020-10,561000000,51,Samsung Galaxy Note 9,Shopee,2020,10,Hàn Quốc
"Điện Thoại Nokia 6310 Sóng 4G, Chính Hãng .Máy Mới Full Box. Bh 1 Đổi 1 Trong 3 Tháng",165000000,Điện Thoại & Máy Tính Bảng,Nokia,https://shopee.vn/shop/241243428,2023-08,165000000,500,Don't Use,Shopee,2023,08,Phần Lan
"Điện Thoại Vivo Y17 2Sim Chính Hãng Ram 8/256G,Màn: Ips Lcd6.35 Hd+,Camera: 20 Mp, Cày Pubg/Free Tiktok Chất Bnn 03",164780000,Điện Thoại & Máy Tính Bảng,Vivo,https://shopee.vn/shop/11171175,2022-04,442114000,300,Don't Use,Shopee,2022,04,Trung Quốc
"Điện Thoại Samsung Galaxy Note 8 2Sim Ram 6G/4G, Máy Chính Hãng,Màn Hình: Super Amoled, 6.3 , Quad Hd+ (2K+) Bnn 02",164780000,Điện Thoại & Máy Tính Bảng,Samsung,https://shopee.vn/shop/11171175,2022-06,418748000,278,Samsung Galaxy Note 8,Shopee,2022,06,Hàn Quốc
"'' Rẻ Hủy Diệt '' Điện Thoại Samsung A50 - Samsung Galaxy A50 Chính Hãng Ram 4/64G Mới, 3 Camera Sau Siêu Đẹp - Bnn 01",164542000,Điện Thoại & Máy Tính Bảng,Samsung,https://shopee.vn/shop/11171175,2021-03,9512849000,1502,Samsung Galaxy A50,Shopee,2021,03,Hàn Quốc
"Điện Thoại Giá Rẻ Vivo Y55 2Sim Chính Hãng, Ram 4G/64G Cài Full Zalo Tiktok Youtube Chất - Bcc 05",164340000,Điện Thoại & Máy Tính Bảng,Vivo,https://shopee.vn/shop/25143432,2022-02,277290000,370,Don't Use,Shopee,2022,02,Trung Quốc
Điện Thoại Samsung Galaxy A14 Lte (4Gb/128Gb),164250000,Điện Thoại & Máy Tính Bảng,Samsung,https://www.lazada.vn/samsung-flagship-store,2023-03,647440000,177,Samsung Galaxy A14,Don't Use,2023,03,Hàn Quốc
"'' Rẻ Vô Địch '' Điện Thoại Samsung Galaxy A50 Máy Chính Hãng, Ram 4G/64G, 3 Camera Sau, Chiến Game Đỉnh - Bnn 01",164216000,Điện Thoại & Máy Tính Bảng,Samsung,https://shopee.vn/shop/11171175,2021-03,9611382000,1526,Samsung Galaxy A50,Shopee,2021,03,Hàn Quốc
"Điện Thoại Xiaomi Redmi Note 5 Pro 2Sim Ram 3G/32G Mới Chính Hãng, Có Tiếng Việt, Học On Chất Đỉnh - Bnn 03",163406000,Điện Thoại & Máy Tính Bảng,Xiaomi,https://shopee.vn/shop/11171175,2020-09,7841518000,2828,Don't Use,Shopee,2020,09,Trung Quốc
"Điện Thoại Oppo A55 5G Chính Hãng 2Sim Ram 8/256G, Màn Hình: Ips Lcd6.5 Hd+, Cấu Hình Mạnh Đỉnh Cày Pubg/Liên Quân/Free Fire/Tiktok Siêu Mượt",163357000,Điện Thoại & Máy Tính Bảng,Oppo,https://www.lazada.vn/tay-nguyen-store-47,2022-09,295446569,78,Don't Use,Don't Use,2022,09,Trung Quốc
"Điện Thoại Chính Hãng Reno2 Z - Oppo Reno 2Z 2Sim Ram 8G Rom 256G, Màn 6.5'' Camera Trước Thò Thụt Siêu Độc Đáo Ggs 01",162240000,Điện Thoại & Máy Tính Bảng,Oppo,https://shopee.vn/shop/108110554,2022-08,473042000,379,Don't Use,Shopee,2022,08,Trung Quốc
"Điện Thoại Samsung Galaxy A31 2Sim Rom 128G Ram 6G Chính Hãng, Camera Sau: Chính 48 Mp & Phụ 8 Mp, 5 Mp, 5 Mp - Ggs 02",162064000,Điện Thoại & Máy Tính Bảng,Samsung,https://shopee.vn/shop/108110554,2022-08,675332000,456,Samsung Galaxy A31,Shopee,2022,08,Hàn Quốc
"Điện Thoại Xiaomi Redmi Note 8 Pro Chính Hãng 2Sim Ram 8G Bộ Nhớ 128G, Cấu Hình Chip Cao Mạnh Mẽ Cày Liên Quân- Pubg-Free Fire-Tiktok Siêu Mượt",161910000,Điện Thoại & Máy Tính Bảng,Xiaomi,https://www.lazada.vn/tay-nguyen-store-47,2022-09,269585079,75,Don't Use,Don't Use,2022,09,Trung Quốc
"Điện Thoại Realme 5 Pro 2Sim Chính Hãng Ram 8G/256G, Màn Hình:Ips Lcd, 6.3 , Full Hd+, Cpu: Snapdragon 712 8 Nhân Ggs 03",161820000,Điện Thoại & Máy Tính Bảng,Realme,https://shopee.vn/shop/108110554,2022-08,325290000,180,Don't Use,Shopee,2022,08,Trung Quốc
Điện Thoại Samsung Galaxy S23+ 8Gb/512Gb - Độc Quyền Online,161490400,Điện Thoại & Máy Tính Bảng,Samsung,https://shopee.vn/shop/843663249,2023-01,161490400,6,Samsung Galaxy S23,Shopee,2023,01,Hàn Quốc
"Điện Thoại Samsung Galaxy S7 Edge 2Sim Ram 4G Bộ Nhớ 32G Mới, Chơi Game Nặng Mượt, Màn Hình 5.5Inch - Bcc 06",161238000,Điện Thoại & Máy Tính Bảng,Samsung,https://shopee.vn/shop/25143432,2022-02,590677000,840,Samsung Galaxy S7 Edge,Shopee,2022,02,Hàn Quốc
Điện Thoại Oppoa3S (Oppo-A3S) Ram 6G/128G 2Sim Mới Chính Hãng- Màn Hình Tai Thỏ Thời Thượng - Ggs 02,161028000,Điện Thoại & Máy Tính Bảng,Oppo,https://shopee.vn/shop/108110554,2020-09,771598530,376,Don't Use,Shopee,2020,09,Trung Quốc
"Điện Thoại Samsung Galaxy S20 Ultra 5G Ram 12G/256G Chính Hãng, Camera Sau: 4 Camera: 108Mp, Camera Góc Rộng 12Mp + Camera Tele 48Mp + 0.3 Mp, Tof 3D - Bảo Hành 12 Tháng",160954000,Điện Thoại & Máy Tính Bảng,Samsung,https://www.lazada.vn/tay-nguyen-store-47,2023-03,335904000,96,Samsung Galaxy S20 Ultra,Don't Use,2023,03,Hàn Quốc
"Điện Thoại Vivo Y93 2Sim Ram 6G/128G, Màn Hình Giọt Nước Tràn Viền, Camera Siêu Nét, Cày Game Nặng Chất - Bnn 02",160728000,Điện Thoại & Máy Tính Bảng,Vivo,https://shopee.vn/shop/11171175,2021-04,919421000,583,Don't Use,Shopee,2021,04,Trung Quốc
"Điện Thoại Oppo Reno2 F Máy Chính Hãng 2Sim Ram 8G/256G, Camera:48 Mp & 8 Mp, 2 Mp, 2 Mp, Cày Game Chất - Bnn 02",160320600,Điện Thoại & Máy Tính Bảng,Oppo,https://shopee.vn/shop/11171175,2023-02,326227980,224,Don't Use,Shopee,2023,02,Trung Quốc
"Điện Thoại Samsung Galaxy A42 5G Ram 4G/128G Máy Chính Hãng, Cày Game Nặng Đỉnh - Bảo Hành 12 Tháng",159950000,Điện Thoại & Máy Tính Bảng,Samsung,https://www.lazada.vn/tay-nguyen-store-47,2023-03,326298000,102,Samsung Galaxy A42,Don't Use,2023,03,Hàn Quốc
"Điện Thoại Vivo Y19 Ram 8G Bộ Nhớ 256G 2Sim, Máy Chính Hãng, Cày Pubg/Free Tiktok Zalo Fb Youtube Chất - Bnn 05",159400000,Điện Thoại & Máy Tính Bảng,Vivo,https://shopee.vn/shop/11171175,2022-06,375062000,236,Don't Use,Shopee,2022,06,Trung Quốc
"Điện Thoại  Máy Chính Hãng Samsung Galaxy Note 9 2Sim Ram 6G/128G, Camera Sau: 2 Camera 12 Mp, Màn Hình: Super Amoled 6.4Inch Quad Hd+ (2K+) - Bảo Hành 12 Tháng",158356000,Điện Thoại & Máy Tính Bảng,Samsung,https://www.lazada.vn/tay-nguyen-store-47,2023-03,341905000,95,Samsung Galaxy Note 9,Don't Use,2023,03,Hàn Quốc
"Điện Thoại Samsung Galaxy S20 Plus (S20+) 5G Máy Ram 12G/256G Chính Hãng, Cày Game Siêu Chất - Bảo Hành 12 Tháng",158352000,Điện Thoại & Máy Tính Bảng,Samsung,https://www.lazada.vn/tay-nguyen-store-47,2023-03,320003000,97,Samsung Galaxy S20+,Don't Use,2023,03,Hàn Quốc
Điện Thoại Redmi K50 Ultra (Extreme Edition) 8/128Gb,158083000,Điện Thoại & Máy Tính Bảng,Redmi,https://shopee.vn/shop/110564302,2022-08,663029000,71,Don't Use,Shopee,2022,08,Trung Quốc
"Điện Thoại Samsung Galaxy A31 Ram 6G Bộ Nhớ 128G 2Sim Chính Hãng, Cấu Hình Khủng, Cân Mọi Game Siêu Đỉnh - Ggs 04",158037000,Điện Thoại & Máy Tính Bảng,Samsung,https://shopee.vn/shop/108110554,2022-08,663481560,554,Samsung Galaxy A31,Shopee,2022,08,Hàn Quốc
Điện Thoại Samsung Galaxy A14 Lte (4Gb/128Gb) - Hàng Chính Hãng,157050000,Điện Thoại & Máy Tính Bảng,Samsung,https://www.lazada.vn/binguyenshop,2023-02,262696000,75,Samsung Galaxy A14,Don't Use,2023,02,Hàn Quốc
Điện Thoại Samsung Galaxy Note 9 2Sim Ram 6G/128G Máy Chính Hãng - Bảo Hành 12 Tháng,156751000,Điện Thoại & Máy Tính Bảng,Samsung,https://www.lazada.vn/tay-nguyen-store-47,2023-03,383616722,120,Samsung Galaxy Note 9,Don't Use,2023,03,Hàn Quốc
"Điện Thoại Samsung Galaxy A42 5G Ram 4G/128G Máy Chính Hãng, Màn Hình: Tft Lcd6.6 Full Hd+ - Bảo Hành 12 Tháng",156751000,Điện Thoại & Máy Tính Bảng,Samsung,https://www.lazada.vn/tay-nguyen-store-47,2023-03,303905000,95,Samsung Galaxy A42,Don't Use,2023,03,Hàn Quốc
"Điện Thoại Sony Xz3 - Sony Xperia Xz3 Chính Hãng Ram 4/64G, Màn: P-Oled, 6.0 , Quad Hd+ (2K+), Cày Game Đỉnh - Bcc 05",156484000,Điện Thoại & Máy Tính Bảng,Sony,https://shopee.vn/shop/25143432,2022-11,684147000,496,Don't Use,Shopee,2022,11,Nhật Bản
Điện Thoại Apple Iphone 11 64Gb,156470000,Điện Thoại & Máy Tính Bảng,Apple,https://shopee.vn/shop/487028617,2021-07,1167350000,102,Don't Use,Shopee,2021,07,Hoa Kỳ
"[ Bán Lẻ = Giá Sỉ ] Điện Thoại Sony Xperia 1 (Sony X1) Ảm 6G Rom 128G Chính Hãng, Chiến Pubg/Free Fire Chất - Bnn 03",155067000,Điện Thoại & Máy Tính Bảng,Sony,https://shopee.vn/shop/11171175,2022-04,781854000,559,Don't Use,Shopee,2022,04,Nhật Bản
"Điện Thoại Samsung Galaxy S8 2Sim Ram 4G Rom 64G, Máy Chính Hãng,Màn Hình: Super Amoled, 5.8 , Quad Hd+ (2K+) - Bnn 02",153780000,Điện Thoại & Máy Tính Bảng,Samsung,https://shopee.vn/shop/11171175,2022-06,336770000,241,Samsung Galaxy S8+,Shopee,2022,06,Hàn Quốc
"Điện Thoại Chính Hãng Oppo A9 2020 2Sim Ram 8G/128G, Màn 6.5Inch, Camera Siêu Nét, Cày Game Mượt - Ggs 04",153538000,Điện Thoại & Máy Tính Bảng,Oppo,https://shopee.vn/shop/108110554,2023-03,447550000,450,Don't Use,Shopee,2023,03,Trung Quốc
"Điện Thoại Samsung Galaxy A54 5G (8Gb/128Gb) - Hàng Chính Hãng - 3 Camera Chính Sắc Nét, Pin Lớn 5000 Mah",153181000,Điện Thoại & Máy Tính Bảng,Samsung,https://shopee.vn/shop/40757878,2023-03,177478000,22,Samsung Galaxy A54,Shopee,2023,03,Hàn Quốc
Điện Thoại Samsung Galaxy S23 Ultra 5G (12Gb/512Gb) - Hàng Chính Hãng,151950000,Điện Thoại & Máy Tính Bảng,Samsung,https://tiki.vn/cua-hang/tiki-trading,2023-02,374080000,12,Samsung Galaxy S23 Ultra,Don't Use,2023,02,Hàn Quốc
"Điện Thoại Oppo A54 5G Chính Hãng 2Sim Ram 8G/256G, Màn Hình: Ips Lcd6.5 Hd+, Cấu Hình Mạnh Đỉnh Cày Pubg/Liên Quân/Free Fire/Tiktok Siêu Mượt",151662000,Điện Thoại & Máy Tính Bảng,Oppo,https://www.lazada.vn/tay-nguyen-store-47,2022-09,214305000,65,Don't Use,Don't Use,2022,09,Trung Quốc
"Điện Thoại Oppo Reno4 - Oppo Reno 4 2Sim Chính Hãng Ram 8/256G, Cấu Hình Khủng, Cày Game Siêu Mượt - Bnn 01",151296000,Điện Thoại & Máy Tính Bảng,Oppo,https://shopee.vn/shop/11171175,2023-02,365962000,238,Don't Use,Shopee,2023,02,Trung Quốc
"Điện Thoại Samsung Galaxy J8 Chính Hãng 2Sim Ram 3 Bộ Nhớ 32G, Màn 6Inch, Chiến Game Đỉnh - Ggs 01",150814000,Điện Thoại & Máy Tính Bảng,Samsung,https://shopee.vn/shop/108110554,2022-02,771327030,726,Samsung Galaxy J8,Shopee,2022,02,Hàn Quốc
Điện Thoại Apple Iphone 13 128Gb,150710000,Điện Thoại & Máy Tính Bảng,Apple,https://www.lazada.vn/he-thong-shopdunk,2021-09,1295220000,60,Don't Use,Don't Use,2021,09,Hoa Kỳ
Điện Thoại Oppo F5 6G Bộ Nhớ 128G/ Vua Selfiel 20Mp / Chiến Pubg/Liên Quân Mướt - Ggs 02,150336000,Điện Thoại & Máy Tính Bảng,Oppo,https://shopee.vn/shop/108110554,2019-02,1209124180,568,Don't Use,Shopee,2019,02,Trung Quốc
Điện Thoại Xiaomi Redmi K40 5G 6/128Gb Nguyên Seal,150081000,Điện Thoại & Máy Tính Bảng,Xiaomi,https://shopee.vn/shop/110564302,2021-10,592929552,74,Don't Use,Shopee,2021,10,Trung Quốc
"Điện Thoại Samsung Galaxy A32 Máy 2Sim Ram 6G/128G Chính Hãng, Cày Game Nặng Đỉnh - Bảo Hành 12 Tháng",149950000,Điện Thoại & Máy Tính Bảng,Samsung,https://www.lazada.vn/tay-nguyen-store-47,2023-03,395760935,132,Samsung Galaxy A32,Don't Use,2023,03,Hàn Quốc
"Điện Thoại Chính Hãng Oppo Reno4 2Sim Ram 8G/256G, Camera Sau: 48 Mp & 8 Mp, 2 Mp, 2 Mp, Cày Game Chất - Bnn 02",149938000,Điện Thoại & Máy Tính Bảng,Oppo,https://shopee.vn/shop/11171175,2023-02,311223000,227,Don't Use,Shopee,2023,02,Trung Quốc
Điện Thoại Samsung Galaxy A14 Lte 4Gb/128Gb - Hàng Chính Hãng - Đã Kích Hoạt Bảo Hành,149780000,Điện Thoại & Máy Tính Bảng,Samsung,https://tiki.vn/cua-hang/tiki-trading,2023-05,316310000,97,Samsung Galaxy A14,Don't Use,2023,05,Hàn Quốc
Điện Thoại Xiaomi Redmi K50 Ultra Nhập Khẩu Giá Siêu Tốt,149484000,Điện Thoại & Máy Tính Bảng,Xiaomi,https://shopee.vn/shop/168855912,2022-08,158783000,17,Don't Use,Shopee,2022,08,Trung Quốc
"Điện Thoại Oppo F11 Pro Chính Hãng 2Sim Ram 8/256G, Cấu Hình Mạnh Đỉnh Cày Pubg/Liên Quân/Free Fire/Tiktok Siêu Mượt",149400000,Điện Thoại & Máy Tính Bảng,Oppo,https://www.lazada.vn/tay-nguyen-store-47,2022-09,200196000,67,Don't Use,Don't Use,2022,09,Trung Quốc
"[Rẻ Vô Địch] Điện Thoại Samsung Galaxy S9 Plus 2Sim Bộ Nhớ 64G Ram6G, Máy Chính Hãng, Chiến Game Quá Đỉnh - Bnn 02",149270000,Điện Thoại & Máy Tính Bảng,Samsung,https://shopee.vn/shop/11171175,2021-11,781878000,601,Samsung Galaxy S9+,Shopee,2021,11,Hàn Quốc
"Điện Thoại Sony Xperia Xz3 Ram 4G/64G Chính Hãng,Chip: Snapdragon 845 8 Nhân, Màn 6.0 , Quad Hd+ (2K+) - Ggs 03",148578000,Điện Thoại & Máy Tính Bảng,Sony,https://shopee.vn/shop/108110554,2022-05,714588120,546,Don't Use,Shopee,2022,05,Nhật Bản
"Điện Thoại Realme 5 Pro 2Sim Ram 8/256G Chính Hãng, Màn: Ips Lcd6.3 Hd+, Chip: Snapdragon 712, Pin 4035Mah - Bnn 01",148496000,Điện Thoại & Máy Tính Bảng,Realme,https://shopee.vn/shop/11171175,2022-04,358710000,240,Don't Use,Shopee,2022,04,Trung Quốc
Điện Thoại Samsung Galaxy S22 - 8Gb/256Gb - Hàng Chính Hãng,148410000,Điện Thoại & Máy Tính Bảng,Samsung,https://shopee.vn/shop/423152365,2022-03,148410000,9,Samsung Galaxy S22+,Shopee,2022,03,Hàn Quốc
"Điện Thoại Samsung Galaxy S8 Plus 2Sim Ram 4/64G Chính Hãng, Camera Sau: 12 Mp Trước: 8 Mp, Chiến Game Mượt - Bnn 03",148170000,Điện Thoại & Máy Tính Bảng,Samsung,https://shopee.vn/shop/11171175,2022-06,746597000,553,Samsung Galaxy S8+,Shopee,2022,06,Hàn Quốc
"Điện Thoại Samsung Galaxy S20 Plus 5G 2Sim Chính Hãng Ram 12G Rom 128G, Màn 6.7Inch, Cày Game Siêu Mượt Mà - Bcc 05",147867000,Điện Thoại & Máy Tính Bảng,Samsung,https://shopee.vn/shop/25143432,2022-08,1749159000,391,Samsung Galaxy S20+,Shopee,2022,08,Hàn Quốc
Điện Thoại Oppo F7 Mới Tinh Chính Hãng Nhập Khẩu 64Gb Ram4,147850000,Điện Thoại & Máy Tính Bảng,Oppo,https://shopee.vn/shop/48782032,2020-06,2393305750,994,Don't Use,Shopee,2020,06,Trung Quốc
"Điện Thoại Samsung Galaxy S9 Plus 2Sim Ram 6G/64G, Màn Hình: Super Amoled, 6.2 , Quad Hd+ (2K+), Máy Chính Hãng - Bnn 01",147250000,Điện Thoại & Máy Tính Bảng,Samsung,https://shopee.vn/shop/11171175,2022-04,521145000,336,Samsung Galaxy S9+,Shopee,2022,04,Hàn Quốc
"Điện Thoại Chính Hãng Oppo A91 2022 Máy 2Sim Ram 8G/256G, Camera Sau: Chính 48 Mp & Phụ 8 Mp, 2 Mp, 2 Mp - Bnn 02",147205000,Điện Thoại & Máy Tính Bảng,Oppo,https://shopee.vn/shop/11171175,2023-02,307203000,224,Don't Use,Shopee,2023,02,Trung Quốc
"Điện Thoại Chính Hãng Vivo Y17 2Sim Ram 8/256G,Camera Trước: 20 Mp, Màn Hình: Ips Lcd6.35 Hd+, Cày Game Mượt - Bnn 01",147015000,Điện Thoại & Máy Tính Bảng,Vivo,https://shopee.vn/shop/11171175,2022-04,833647000,561,Don't Use,Shopee,2022,04,Trung Quốc
[ Rẻ Hủy Diệt ] Điện Thoại Samsung Galaxy S9 Plus 2Sim (6G/64G) Chính Hãng - Màn Hình Vô Cực 6.2Inch - Bnn 05,146304000,Điện Thoại & Máy Tính Bảng,Samsung,https://shopee.vn/shop/11171175,2021-11,507812000,339,Samsung Galaxy S9+,Shopee,2021,11,Hàn Quốc
Điện Thoại Xiaomi Redmi Note 12 Pro 5G 128Gb/256Gb Nfc Màn Hình Oled 1080 50Mp Camera 67W,145709000,Điện Thoại & Máy Tính Bảng,Xiaomi,https://shopee.vn/shop/869110012,2023-06,864351000,116,Don't Use,Shopee,2023,06,Trung Quốc
"Điện Thoại Oppo A52 Chính Hãng 2Sim Ram 8 Rom 256G, Cấu Hình Mạnh Đỉnh Cày Pubg/Liên Quân/Free Fire/Tiktok Siêu Mượt",145606000,Điện Thoại & Máy Tính Bảng,Oppo,https://www.lazada.vn/tay-nguyen-store-47,2022-09,204512000,70,Don't Use,Don't Use,2022,09,Trung Quốc
"Điện Thoại Vivo Y22S 2Sim Ram 8G/256G Chính Hãng, Cấu Hình Cpu Siêu Cao Cấp, Đánh Mọi Game Nặng Chất - Bcc 05",145510000,Điện Thoại & Máy Tính Bảng,Vivo,https://shopee.vn/shop/25143432,2022-11,572162000,574,Don't Use,Shopee,2022,11,Trung Quốc
"[ Rẻ Hủy Diệt ] Điện Thoại Samsung Galaxy A20 Chính Hãng, Máy 2Sim Ram 4G Rom 64G, Camera Siêu Nét - Ggs 02",145459000,Điện Thoại & Máy Tính Bảng,Samsung,https://shopee.vn/shop/108110554,2022-02,797267330,704,Samsung Galaxy A20,Shopee,2022,02,Hàn Quốc
"Điện Thoại Samsung Galaxy A70 Chính Hãng 2Sim Ram 6/128G, Màn 6.7 Full Hd+ Camera Sau:2 Mp & 8 Mp, 5Mp - Ggs 01",145448000,Điện Thoại & Máy Tính Bảng,Samsung,https://shopee.vn/shop/108110554,2022-10,566643690,446,Samsung Galaxy A70,Shopee,2022,10,Hàn Quốc
"Điện Thoại Samsung Galaxy S8 Máy 2Sim Ram 4G/64G Hàng Chính Hãng, Cấu Hình Mạnh, Cân Mọi Game Chất - Bnn 02",145376000,Điện Thoại & Máy Tính Bảng,Samsung,https://shopee.vn/shop/11171175,2022-06,332740000,256,Samsung Galaxy S8+,Shopee,2022,06,Hàn Quốc
"Điện Thoại Vsmart Star Chính Hãng 2Sim Ram 2G/16G, Màn Hình: Ips Lcd5.7 Hd+, Chiến Game Chất Lừ - Bcc 06",144829300,Điện Thoại & Máy Tính Bảng,Vsmart,https://shopee.vn/shop/25143432,2022-10,418880800,682,Don't Use,Shopee,2022,10,Việt Nam
"Điện Thoại Xiaomi Xiaomi 11 Lite 5G Ne 2Sim Ram 8G Bộ Nhớ 128G Chính Hãng, Cấu Hình Chip Cao Mạnh Mẽ Cày Liên Quân- Pubg-Free Fire-Tiktok Siêu Mượt",143952000,Điện Thoại & Máy Tính Bảng,Xiaomi,https://www.lazada.vn/tay-nguyen-store-47,2022-09,260913000,87,Don't Use,Don't Use,2022,09,Trung Quốc
"Điện Thoại Samsung Galaxy S7 Edge 2Sim Ram 4G/32G Mới Zin, Chính Hãng, Cày Pubg/Liên Quân - Bcc 05",143553000,Điện Thoại & Máy Tính Bảng,Samsung,https://shopee.vn/shop/25143432,2022-02,508233000,857,Samsung Galaxy S7 Edge,Shopee,2022,02,Hàn Quốc
"Điện Thoại Samsung Galaxy J7 Pro 2Sim (3Gb/32Gb) Mới Zin 100%, Camera Sắc Nét, Cày Zalo Tiktok Fb Youtube - Ggs 01",143504000,Điện Thoại & Máy Tính Bảng,Samsung,https://shopee.vn/shop/108110554,2020-02,1172057860,950,Samsung Galaxy J7 Pro,Shopee,2020,02,Hàn Quốc
"Điện Thoại Chính Hãng Samsung Galaxy S8 2Sim Bộ Nhớ 64G Ram 4G, Màn Hình Vô Cực 5.8Inch - Bnn 02",142989000,Điện Thoại & Máy Tính Bảng,Samsung,https://shopee.vn/shop/11171175,2021-11,773684000,596,Samsung Galaxy S8+,Shopee,2021,11,Hàn Quốc
"Điện Thoại Vivo Y19 2Sim Ram 8G/256G, Máy Chính Hãng,Camera Sau: Chính 16 Mp & Phụ 8 Mp, 2 Mp, Cày Game Mượt Bnn 02",142670000,Điện Thoại & Máy Tính Bảng,Vivo,https://shopee.vn/shop/11171175,2022-06,364113000,281,Don't Use,Shopee,2022,06,Trung Quốc
"Điện Thoại Chính Hãng Oppo Reno4 Z Bản 5G Máy 2Sim Ram 12G/512G, Màn 6.57Inch, Camera Siêu Nét - Ggs 03",142386000,Điện Thoại & Máy Tính Bảng,Oppo,https://shopee.vn/shop/108110554,2023-03,569005000,456,Don't Use,Shopee,2023,03,Trung Quốc
"Điện Thoại Xiaomi Mi 11 Lite 5G Snapdragon 780G, Thiết Kế Siêu Mỏng, Camera Ai 64 Mp",142100000,Điện Thoại & Máy Tính Bảng,Xiaomi,https://shopee.vn/shop/204574220,2022-11,661662000,165,Don't Use,Shopee,2022,11,Trung Quốc
[Nhập Elssmx7 Giảm 7% Tối Đa 500K] Điện Thoại Samsung Galaxy A14 Lte (4Gb/128Gb),141910000,Điện Thoại & Máy Tính Bảng,Samsung,https://shopee.vn/shop/65589552,2023-03,1839000000,500,Samsung Galaxy A14,Shopee,2023,03,Hàn Quốc
"Điện Thoại Samsung Galaxy A70 Chính Hãng 2Sim Ram 6G/128G, Màn 6.7Inch, Cày Game Nặng Chất - Ggs 02",141909000,Điện Thoại & Máy Tính Bảng,Samsung,https://shopee.vn/shop/108110554,2022-12,504350060,487,Samsung Galaxy A70,Shopee,2022,12,Hàn Quốc
Điện Thoại Xiaomi Redmi Note 12 Pro 4G 8Gb + 128Gb 732G 6.67  Fhd + Camera Chính 5000Mah 67W,141576000,Điện Thoại & Máy Tính Bảng,Xiaomi,https://shopee.vn/shop/869110012,2023-06,389624000,65,Don't Use,Shopee,2023,06,Trung Quốc
Điện Thoại Samsung Galaxy A20 2Sim Ram 3G/32G Mới Chính Hãng - Chiến Pubg/Free Fire Mượt - Bnn 03,141137000,Điện Thoại & Máy Tính Bảng,Samsung,https://shopee.vn/shop/11171175,2021-03,307256000,249,Samsung Galaxy A20,Shopee,2021,03,Hàn Quốc
"Điện Thoại Oppo Reno2 Z - Oppo Reno 2Z 2Sim Ram 8G Rom 256G Chính Hãng, Màn 6.5'', Cày Game Siêu Mượt - Ggs 03",140859000,Điện Thoại & Máy Tính Bảng,Oppo,https://shopee.vn/shop/108110554,2022-08,557861030,559,Don't Use,Shopee,2022,08,Trung Quốc
Điện Thoại Xiaomi Mi 10 5G Màn Amoled 90Hz - Snap 865 Ram 8G 128G,140844000,Điện Thoại & Máy Tính Bảng,Xiaomi,https://shopee.vn/shop/49282974,2023-03,550172000,129,Don't Use,Shopee,2023,03,Trung Quốc
"Điện Thoại Giá Rẻ Oppo A95 5G Chính Hãng 2Sim Ram 12/512G, Cấu Hình Mạnh Đỉnh Cày Pubg/Liên Quân/Free Fire/Tiktok Siêu Mượt",140712000,Điện Thoại & Máy Tính Bảng,Oppo,https://www.lazada.vn/tay-nguyen-store-47,2022-09,198276000,62,Don't Use,Don't Use,2022,09,Trung Quốc
"Điện Thoại Lg V50 Thinq Ram 6G/128G Mới Chính Hãng, Chiến Pubg/Liên Quân Ngon Lành, Bảo Hành 12 Tháng - Bcc 06",140525000,Điện Thoại & Máy Tính Bảng,Lg,https://shopee.vn/shop/25143432,2022-02,766485500,376,Don't Use,Shopee,2022,02,Hàn Quốc
"Điện Thoại Realme 6 Chính Hãng 2Sim Ram 8G/256G, Màn Hình: Ips Lcd6.5 Full Hd+, Camera Sau: Chính 64 Mp & Phụ 8 Mp, 2 Mp, 2 Mp, Cấu Hình Chip Cao Mạnh Mẽ Cày Liên Quân- Pubg-Free Fire-Tiktok Siêu Mượt",139365000,Điện Thoại & Máy Tính Bảng,Realme,https://www.lazada.vn/tay-nguyen-store-47,2022-09,297912000,96,Don't Use,Don't Use,2022,09,Trung Quốc
"Điện Thoại Samsung Galaxy A71 2Sim Ram 8G/128G Máy Chính Hãng, Cày Game Nặng Mượt - Bnn 03",138639000,Điện Thoại & Máy Tính Bảng,Samsung,https://shopee.vn/shop/11171175,2023-02,300609000,241,Samsung Galaxy A71,Shopee,2023,02,Hàn Quốc
"Điện Thoại Xiaomi Redmi Note 5 Pro 2Sim (3Gb/32Gb) Chính Hãng - Có Tiếng Việt, Bảo Hành 12 Tháng - Bcc 05",138442000,Điện Thoại & Máy Tính Bảng,Xiaomi,https://shopee.vn/shop/25143432,2022-02,577137000,471,Don't Use,Shopee,2022,02,Trung Quốc
"[ Rẻ Không Tưởng ] Điện Thoại Realme 10 Pro 5G Chính Hãng 2Sim Ram 4G/128G, Cấu Hình Chip Cao Mạnh Mẽ Cày Liên Quân- Pubg-Free Fire-Tiktok Siêu Mượt",138411000,Điện Thoại & Máy Tính Bảng,Realme,https://www.lazada.vn/tay-nguyen-store-47,2022-09,361998000,102,Don't Use,Don't Use,2022,09,Trung Quốc
"Điện Thoại Samsung Galaxy A30 2Sim Ram 3G/32Gb, Máy Chính Hãng, Chiến Free/Pubg/Liên Quân Chất Đỉnh - Tnn 02",138000000,Điện Thoại & Máy Tính Bảng,Samsung,https://shopee.vn/shop/48782032,2020-10,2710992000,917,Samsung Galaxy A30,Shopee,2020,10,Hàn Quốc
Điện Thoại Samsung Galaxy S23 8Gb/128Gb - Độc Quyền Online,137930000,Điện Thoại & Máy Tính Bảng,Samsung,https://shopee.vn/shop/843663249,2023-01,218890000,11,Samsung Galaxy S23,Shopee,2023,01,Hàn Quốc
Điện Thoại Nokia C21 Plus 2Gb/32Gb - Hàng Chính Hãng,137873000,Điện Thoại & Máy Tính Bảng,Nokia,https://shopee.vn/shop/193124085,2022-05,704951000,389,Don't Use,Shopee,2022,05,Phần Lan
"Rẻ Như Rẻ Điện Thoại Sony Xperia Xz1 Ram 4G/64G Chính Hãng Mới Zin, Cpu Snap 835 8 Nhân - Bnn 06",137694000,Điện Thoại & Máy Tính Bảng,Sony,https://shopee.vn/shop/11171175,2020-08,17783092000,7477,Don't Use,Shopee,2020,08,Nhật Bản
"Điện Thoại Chính Hãng Oppo A53 2020 2Sim Ram 8G/256G Máy Chính Hãng, Cấu Hình Cao, Cày Game Mượt - Bnn 01",137625000,Điện Thoại & Máy Tính Bảng,Oppo,https://shopee.vn/shop/11171175,2023-02,185623000,135,Don't Use,Shopee,2023,02,Trung Quốc
"Điện Thoại Giá Rẻ Xiaomi Redmi Note 11 Chính Hãng 2Sim Ram6G Bộ Nhớ 128G, Camera Sau: Chính 48 Mp & Phụ 2 Mp, 2 Mp,Cấu Hình Chip Cao Mạnh Mẽ Cày Liên Quân- Pubg-Free Fire-Tiktok Siêu Mượt",137557000,Điện Thoại & Máy Tính Bảng,Xiaomi,https://www.lazada.vn/tay-nguyen-store-47,2022-09,364686000,114,Don't Use,Don't Use,2022,09,Trung Quốc
